Complexity metrics,Wed., 19 Oct. 2022 19:19:32 EDT,
Class,OCavg,OCmax,WMC
org.jfree.chart.ChartColor,1,1,2
org.jfree.chart.ChartFactory,2.62,16,131
org.jfree.chart.ChartHints,1,1,1
org.jfree.chart.ChartHints.Key,2.5,4,5
org.jfree.chart.ChartRenderingInfo,1.62,6,21
org.jfree.chart.ChartTransferable,1.86,6,13
org.jfree.chart.ChartUtils,1.1,3,32
org.jfree.chart.JFreeChart,2.12,16,157
org.jfree.chart.StandardChartTheme,2.13,33,200
org.jfree.chart.annotations.AbstractAnnotation,1.36,3,15
org.jfree.chart.annotations.AbstractXYAnnotation,2,5,16
org.jfree.chart.annotations.CategoryLineAnnotation,1.53,9,29
org.jfree.chart.annotations.CategoryPointerAnnotation,1.52,12,35
org.jfree.chart.annotations.CategoryTextAnnotation,1.73,7,19
org.jfree.chart.annotations.TextAnnotation,1.47,9,25
org.jfree.chart.annotations.XYBoxAnnotation,1.88,11,30
org.jfree.chart.annotations.XYDataImageAnnotation,1.75,10,28
org.jfree.chart.annotations.XYDrawableAnnotation,1.91,10,21
org.jfree.chart.annotations.XYImageAnnotation,1.83,8,22
org.jfree.chart.annotations.XYLineAnnotation,1.93,10,27
org.jfree.chart.annotations.XYPointerAnnotation,1.61,11,37
org.jfree.chart.annotations.XYPolygonAnnotation,2.23,8,29
org.jfree.chart.annotations.XYShapeAnnotation,2.33,8,21
org.jfree.chart.annotations.XYTextAnnotation,1.58,15,49
org.jfree.chart.annotations.XYTitleAnnotation,2.4,13,36
org.jfree.chart.api.HorizontalAlignment,n/a,n/a,0
org.jfree.chart.api.Layer,n/a,n/a,0
org.jfree.chart.api.LengthAdjustmentType,n/a,n/a,0
org.jfree.chart.api.RectangleAlignment,14,14,14
org.jfree.chart.api.RectangleAnchor,11,11,22
org.jfree.chart.api.RectangleEdge,3.5,6,14
org.jfree.chart.api.RectangleInsets,1.97,8,57
org.jfree.chart.api.Rotation,1,1,2
org.jfree.chart.api.SortOrder,n/a,n/a,0
org.jfree.chart.api.TableOrder,n/a,n/a,0
org.jfree.chart.api.UnitType,n/a,n/a,0
org.jfree.chart.api.VerticalAlignment,n/a,n/a,0
org.jfree.chart.api.XYCoordinateType,n/a,n/a,0
org.jfree.chart.axis.Axis,2.07,27,153
org.jfree.chart.axis.AxisCollection,1.83,6,11
org.jfree.chart.axis.AxisLabelLocation,n/a,n/a,0
org.jfree.chart.axis.AxisLocation,3.5,6,7
org.jfree.chart.axis.AxisSpace,2.26,9,43
org.jfree.chart.axis.AxisState,1.38,6,18
org.jfree.chart.axis.CategoryAnchor,n/a,n/a,0
org.jfree.chart.axis.CategoryAxis,2.53,14,134
org.jfree.chart.axis.CategoryLabelPosition,1.67,9,20
org.jfree.chart.axis.CategoryLabelPositions,1.91,7,21
org.jfree.chart.axis.CategoryLabelWidthType,n/a,n/a,0
org.jfree.chart.axis.CategoryTick,1.83,6,11
org.jfree.chart.axis.CompassFormat,1.29,2,9
org.jfree.chart.axis.CyclicNumberAxis,3.53,24,120
org.jfree.chart.axis.CyclicNumberAxis.CycleBoundTick,1,1,1
org.jfree.chart.axis.DateAxis,3,26,153
org.jfree.chart.axis.DateAxis.DefaultTimeline,1.38,4,11
org.jfree.chart.axis.DateTick,1.6,4,8
org.jfree.chart.axis.DateTickMarkPosition,n/a,n/a,0
org.jfree.chart.axis.DateTickUnit,1.88,8,32
org.jfree.chart.axis.DateTickUnitType,1,1,2
org.jfree.chart.axis.ExtendedCategoryAxis,1.82,6,20
org.jfree.chart.axis.LogAxis,2.42,8,97
org.jfree.chart.axis.LogTick,1,1,2
org.jfree.chart.axis.LogarithmicAxis,4.07,27,114
org.jfree.chart.axis.MarkerAxisBand,2.57,9,18
org.jfree.chart.axis.ModuloAxis,2.35,6,40
org.jfree.chart.axis.MonthDateFormat,1.9,7,19
org.jfree.chart.axis.NumberAxis,2.95,17,112
org.jfree.chart.axis.NumberTick,1,1,3
org.jfree.chart.axis.NumberTickUnit,1.71,5,12
org.jfree.chart.axis.NumberTickUnitSource,3.25,7,39
org.jfree.chart.axis.PeriodAxis,2.5,19,115
org.jfree.chart.axis.PeriodAxisLabelInfo,1.62,11,26
org.jfree.chart.axis.QuarterDateFormat,1.71,5,12
org.jfree.chart.axis.StandardTickUnitSource,1.17,2,7
org.jfree.chart.axis.SubCategoryAxis,2.86,13,40
org.jfree.chart.axis.SymbolAxis,3.29,11,69
org.jfree.chart.axis.Tick,1.75,7,14
org.jfree.chart.axis.TickType,n/a,n/a,0
org.jfree.chart.axis.TickUnit,2,5,16
org.jfree.chart.axis.TickUnits,1.56,3,14
org.jfree.chart.axis.ValueAxis,2.36,19,163
org.jfree.chart.axis.ValueTick,1.8,5,9
org.jfree.chart.block.AbstractBlock,1.45,10,55
org.jfree.chart.block.BlockBorder,1.73,5,19
org.jfree.chart.block.BlockContainer,1.73,7,26
org.jfree.chart.block.BlockParams,1,1,7
org.jfree.chart.block.BlockResult,1,1,3
org.jfree.chart.block.BorderArrangement,6.45,13,71
org.jfree.chart.block.CenterArrangement,2.38,13,31
org.jfree.chart.block.ColorBlock,1.33,4,12
org.jfree.chart.block.ColumnArrangement,3.82,13,42
org.jfree.chart.block.EmptyBlock,1,1,5
org.jfree.chart.block.FlowArrangement,3.29,13,46
org.jfree.chart.block.GridArrangement,3.64,13,51
org.jfree.chart.block.LabelBlock,1.55,9,34
org.jfree.chart.block.LengthConstraintType,n/a,n/a,0
org.jfree.chart.block.LineBorder,2.11,6,19
org.jfree.chart.block.RectangleConstraint,1.74,13,33
org.jfree.chart.block.Size2D,1.4,5,14
org.jfree.chart.date.SerialDate,2.36,7,78
org.jfree.chart.date.SpreadsheetDate,1.7,6,34
org.jfree.chart.encoders.EncoderUtil,1,1,8
org.jfree.chart.encoders.ImageEncoderFactory,1.33,3,8
org.jfree.chart.encoders.SunJPEGEncoderAdapter,1.14,2,8
org.jfree.chart.encoders.SunPNGEncoderAdapter,1,1,6
org.jfree.chart.entity.AxisEntity,1.6,7,16
org.jfree.chart.entity.CategoryItemEntity,1.56,6,14
org.jfree.chart.entity.CategoryLabelEntity,1.6,4,8
org.jfree.chart.entity.ChartEntity,1.85,7,37
org.jfree.chart.entity.FlowEntity,1.4,3,7
org.jfree.chart.entity.JFreeChartEntity,1.6,7,16
org.jfree.chart.entity.LegendItemEntity,1.62,6,13
org.jfree.chart.entity.NodeEntity,1,1,4
org.jfree.chart.entity.PieSectionEntity,1.5,7,18
org.jfree.chart.entity.PlotEntity,1.6,7,16
org.jfree.chart.entity.StandardEntityCollection,1.42,3,17
org.jfree.chart.entity.TickLabelEntity,1,1,1
org.jfree.chart.entity.TitleEntity,1.6,7,16
org.jfree.chart.entity.XYAnnotationEntity,2,5,8
org.jfree.chart.entity.XYItemEntity,1.44,5,13
org.jfree.chart.event.AnnotationChangeEvent,1,1,2
org.jfree.chart.event.AxisChangeEvent,1,1,2
org.jfree.chart.event.ChartChangeEvent,1,1,7
org.jfree.chart.event.ChartChangeEventType,n/a,n/a,0
org.jfree.chart.event.ChartProgressEvent,1,1,7
org.jfree.chart.event.ChartProgressEventType,n/a,n/a,0
org.jfree.chart.event.MarkerChangeEvent,1,1,2
org.jfree.chart.event.PlotChangeEvent,1,1,2
org.jfree.chart.event.RendererChangeEvent,1,1,4
org.jfree.chart.event.TitleChangeEvent,1,1,2
org.jfree.chart.imagemap.DynamicDriveToolTipTagFragmentGenerator,1,1,3
org.jfree.chart.imagemap.ImageMapUtils,3.29,8,23
org.jfree.chart.imagemap.OverLIBToolTipTagFragmentGenerator,1,1,2
org.jfree.chart.imagemap.StandardToolTipTagFragmentGenerator,1,1,2
org.jfree.chart.imagemap.StandardURLTagFragmentGenerator,1,1,2
org.jfree.chart.internal.Args,2,2,10
org.jfree.chart.internal.ArrayUtils,5.17,10,31
org.jfree.chart.internal.CloneUtils,3.25,4,13
org.jfree.chart.internal.HashUtils,1.9,3,19
org.jfree.chart.internal.LineUtils,7.5,14,15
org.jfree.chart.internal.PaintUtils,4,7,20
org.jfree.chart.internal.SerialUtils,3.94,15,71
org.jfree.chart.internal.ShapeUtils,2.19,8,46
org.jfree.chart.labels.AbstractCategoryItemLabelGenerator,1.85,6,24
org.jfree.chart.labels.AbstractPieItemLabelGenerator,2.22,6,20
org.jfree.chart.labels.AbstractXYItemLabelGenerator,1.94,9,31
org.jfree.chart.labels.BoxAndWhiskerToolTipGenerator,1.75,3,7
org.jfree.chart.labels.BoxAndWhiskerXYToolTipGenerator,2,3,8
org.jfree.chart.labels.BubbleXYItemLabelGenerator,1.9,6,19
org.jfree.chart.labels.CustomXYToolTipGenerator,2.25,6,18
org.jfree.chart.labels.HighLowItemLabelGenerator,3,7,21
org.jfree.chart.labels.IntervalCategoryItemLabelGenerator,2.25,6,9
org.jfree.chart.labels.IntervalCategoryToolTipGenerator,2.17,6,13
org.jfree.chart.labels.IntervalXYItemLabelGenerator,2.1,10,21
org.jfree.chart.labels.IntervalXYToolTipGenerator,2.1,10,21
org.jfree.chart.labels.ItemLabelAnchor,n/a,n/a,0
org.jfree.chart.labels.ItemLabelPosition,1.67,7,15
org.jfree.chart.labels.MultipleXYSeriesLabelGenerator,2.11,6,19
org.jfree.chart.labels.StandardCategoryItemLabelGenerator,1.29,3,9
org.jfree.chart.labels.StandardCategorySeriesLabelGenerator,1.43,4,10
org.jfree.chart.labels.StandardCategoryToolTipGenerator,1.33,3,8
org.jfree.chart.labels.StandardCrosshairLabelGenerator,1.57,5,11
org.jfree.chart.labels.StandardFlowLabelGenerator,1.4,3,7
org.jfree.chart.labels.StandardPieSectionLabelGenerator,1.25,4,15
org.jfree.chart.labels.StandardPieToolTipGenerator,1,1,7
org.jfree.chart.labels.StandardXYItemLabelGenerator,1.2,3,12
org.jfree.chart.labels.StandardXYSeriesLabelGenerator,1.43,4,10
org.jfree.chart.labels.StandardXYToolTipGenerator,1.2,3,12
org.jfree.chart.labels.StandardXYZToolTipGenerator,1.8,6,18
org.jfree.chart.labels.SymbolicXYItemLabelGenerator,2,4,12
org.jfree.chart.legend.LegendGraphic,2.03,16,77
org.jfree.chart.legend.LegendItem,1.5,22,87
org.jfree.chart.legend.LegendItemBlockContainer,1.22,3,11
org.jfree.chart.legend.LegendItemCollection,1.33,4,12
org.jfree.chart.legend.LegendRenderingOrder,n/a,n/a,0
org.jfree.chart.legend.LegendTitle,1.83,13,64
org.jfree.chart.legend.PaintScaleLegend,2.41,15,70
org.jfree.chart.plot.CategoryCrosshairState,1.86,4,13
org.jfree.chart.plot.CategoryMarker,1.67,6,15
org.jfree.chart.plot.CategoryPlot,2.65,52,597
org.jfree.chart.plot.CenterTextMode,n/a,n/a,0
org.jfree.chart.plot.CombinedDomainCategoryPlot,2.77,12,72
org.jfree.chart.plot.CombinedDomainXYPlot,2.77,11,86
org.jfree.chart.plot.CombinedRangeCategoryPlot,2.95,11,62
org.jfree.chart.plot.CombinedRangeXYPlot,2.72,11,79
org.jfree.chart.plot.Crosshair,1.43,18,57
org.jfree.chart.plot.CrosshairState,1.42,5,27
org.jfree.chart.plot.DatasetRenderingOrder,n/a,n/a,0
org.jfree.chart.plot.DefaultDrawingSupplier,2.59,13,44
org.jfree.chart.plot.DialShape,n/a,n/a,0
org.jfree.chart.plot.FastScatterPlot,1.96,16,98
org.jfree.chart.plot.IntervalMarker,1.55,7,17
org.jfree.chart.plot.Marker,1.5,16,57
org.jfree.chart.plot.MeterInterval,1.7,8,17
org.jfree.chart.plot.MeterPlot,2.05,22,117
org.jfree.chart.plot.Plot,2.3,18,154
org.jfree.chart.plot.PlotOrientation,1,1,2
org.jfree.chart.plot.PlotRenderingInfo,1.67,6,25
org.jfree.chart.plot.PlotState,1,1,2
org.jfree.chart.plot.PolarAxisLocation,n/a,n/a,0
org.jfree.chart.plot.PolarPlot,2.35,22,221
org.jfree.chart.plot.RingPlot,2.07,20,62
org.jfree.chart.plot.SeriesRenderingOrder,n/a,n/a,0
org.jfree.chart.plot.SpiderWebPlot,2.05,26,127
org.jfree.chart.plot.ThermometerPlot,2.1,27,153
org.jfree.chart.plot.ValueMarker,1.67,5,10
org.jfree.chart.plot.WaferMapPlot,2.36,8,33
org.jfree.chart.plot.XYCrosshairState,1,1,1
org.jfree.chart.plot.XYPlot,2.73,57,645
org.jfree.chart.plot.compass.ArrowNeedle,2.4,5,12
org.jfree.chart.plot.compass.CompassPlot,2.49,13,87
org.jfree.chart.plot.compass.LineNeedle,1.75,3,7
org.jfree.chart.plot.compass.LongNeedle,2.4,6,12
org.jfree.chart.plot.compass.MeterNeedle,1.6,10,40
org.jfree.chart.plot.compass.MiddlePinNeedle,2.25,4,9
org.jfree.chart.plot.compass.PinNeedle,2.25,4,9
org.jfree.chart.plot.compass.PlumNeedle,2,4,8
org.jfree.chart.plot.compass.PointerNeedle,2.75,5,11
org.jfree.chart.plot.compass.ShipNeedle,2,4,8
org.jfree.chart.plot.compass.WindNeedle,2,4,8
org.jfree.chart.plot.dial.AbstractDialLayer,1.36,3,15
org.jfree.chart.plot.dial.ArcDialFrame,1.44,10,36
org.jfree.chart.plot.dial.DialBackground,1.38,5,18
org.jfree.chart.plot.dial.DialCap,1.44,7,23
org.jfree.chart.plot.dial.DialLayerChangeEvent,1,1,2
org.jfree.chart.plot.dial.DialPlot,1.9,12,80
org.jfree.chart.plot.dial.DialPointer,1.4,1,14
org.jfree.chart.plot.dial.DialPointer.Pin,1.36,5,15
org.jfree.chart.plot.dial.DialPointer.Pointer,1.38,6,18
org.jfree.chart.plot.dial.DialTextAnnotation,1.45,9,29
org.jfree.chart.plot.dial.DialValueIndicator,1.5,17,60
org.jfree.chart.plot.dial.StandardDialFrame,1.41,7,24
org.jfree.chart.plot.dial.StandardDialRange,1.55,9,34
org.jfree.chart.plot.dial.StandardDialScale,1.65,20,81
org.jfree.chart.plot.flow.FlowPlot,2.59,33,88
org.jfree.chart.plot.pie.AbstractPieLabelDistributor,1,1,5
org.jfree.chart.plot.pie.MultiplePiePlot,2.54,13,61
org.jfree.chart.plot.pie.PieLabelDistributor,2.89,5,26
org.jfree.chart.plot.pie.PieLabelLinkStyle,n/a,n/a,0
org.jfree.chart.plot.pie.PieLabelRecord,1.81,11,29
org.jfree.chart.plot.pie.PiePlot,2.22,50,293
org.jfree.chart.plot.pie.PiePlotState,1,1,21
org.jfree.chart.renderer.AbstractRenderer,1.96,47,310
org.jfree.chart.renderer.AreaRendererEndType,n/a,n/a,0
org.jfree.chart.renderer.DefaultPolarItemRenderer,2.32,15,88
org.jfree.chart.renderer.GrayPaintScale,1.7,6,17
org.jfree.chart.renderer.LookupPaintScale,2.55,10,28
org.jfree.chart.renderer.LookupPaintScale.PaintItem,2.2,5,11
org.jfree.chart.renderer.NotOutlierException,1,1,1
org.jfree.chart.renderer.Outlier,1.55,5,17
org.jfree.chart.renderer.OutlierList,1.22,2,11
org.jfree.chart.renderer.OutlierListCollection,1.5,5,12
org.jfree.chart.renderer.RendererState,1.4,3,7
org.jfree.chart.renderer.RendererUtils,10.67,15,32
org.jfree.chart.renderer.WaferMapRenderer,3,7,45
org.jfree.chart.renderer.category.AbstractCategoryItemRenderer,2.76,19,163
org.jfree.chart.renderer.category.AreaRenderer,4.29,16,30
org.jfree.chart.renderer.category.BarRenderer,2.73,26,134
org.jfree.chart.renderer.category.BoxAndWhiskerRenderer,2.97,23,101
org.jfree.chart.renderer.category.CategoryItemRendererState,1.45,4,16
org.jfree.chart.renderer.category.CategoryStepRenderer,3.11,10,28
org.jfree.chart.renderer.category.CategoryStepRenderer.State,1,1,1
org.jfree.chart.renderer.category.DefaultCategoryItemRenderer,n/a,n/a,0
org.jfree.chart.renderer.category.GanttRenderer,3.44,18,55
org.jfree.chart.renderer.category.GradientBarPainter,3.44,9,31
org.jfree.chart.renderer.category.GroupedStackedBarRenderer,4.57,14,32
org.jfree.chart.renderer.category.IntervalBarRenderer,3.8,12,19
org.jfree.chart.renderer.category.LayeredBarRenderer,6.11,18,55
org.jfree.chart.renderer.category.LevelRenderer,2.69,8,35
org.jfree.chart.renderer.category.LineAndShapeRenderer,2.29,24,80
org.jfree.chart.renderer.category.MinMaxCategoryRenderer,1.88,13,47
org.jfree.chart.renderer.category.ScatterRenderer,2.21,12,53
org.jfree.chart.renderer.category.StackedAreaRenderer,3.64,16,40
org.jfree.chart.renderer.category.StackedBarRenderer,4.11,19,37
org.jfree.chart.renderer.category.StandardBarPainter,3.5,9,21
org.jfree.chart.renderer.category.StatisticalBarRenderer,4.5,18,54
org.jfree.chart.renderer.category.StatisticalLineAndShapeRenderer,3.75,30,45
org.jfree.chart.renderer.category.WaterfallBarRenderer,2.73,14,41
org.jfree.chart.renderer.xy.AbstractXYItemRenderer,3.13,20,169
org.jfree.chart.renderer.xy.CandlestickRenderer,2.57,26,77
org.jfree.chart.renderer.xy.ClusteredXYBarRenderer,4.12,18,33
org.jfree.chart.renderer.xy.CyclicXYItemRenderer,7.2,32,36
org.jfree.chart.renderer.xy.CyclicXYItemRenderer.OverwriteDataSet,1.25,2,15
org.jfree.chart.renderer.xy.DefaultXYItemRenderer,n/a,n/a,0
org.jfree.chart.renderer.xy.DeviationRenderer,2.33,13,28
org.jfree.chart.renderer.xy.DeviationRenderer.State,1,1,1
org.jfree.chart.renderer.xy.DeviationStepRenderer,6.2,18,31
org.jfree.chart.renderer.xy.GradientXYBarPainter,3.44,9,31
org.jfree.chart.renderer.xy.HighLowRenderer,2.82,23,48
org.jfree.chart.renderer.xy.SamplingXYLineRenderer,2.5,9,20
org.jfree.chart.renderer.xy.SamplingXYLineRenderer.State,1,1,2
org.jfree.chart.renderer.xy.StackedXYAreaRenderer,3.44,33,55
org.jfree.chart.renderer.xy.StackedXYAreaRenderer.StackedXYAreaRendererState,1,1,8
org.jfree.chart.renderer.xy.StackedXYAreaRenderer2,3.67,22,44
org.jfree.chart.renderer.xy.StackedXYBarRenderer,4.3,28,43
org.jfree.chart.renderer.xy.StandardXYBarPainter,3.5,9,21
org.jfree.chart.renderer.xy.StandardXYItemRenderer,2.68,31,91
org.jfree.chart.renderer.xy.StandardXYItemRenderer.State,1,1,5
org.jfree.chart.renderer.xy.VectorRenderer,5,8,30
org.jfree.chart.renderer.xy.WindItemRenderer,1,1,3
org.jfree.chart.renderer.xy.XYAreaRenderer,3.09,28,68
org.jfree.chart.renderer.xy.XYAreaRenderer.XYAreaRendererState,1,1,1
org.jfree.chart.renderer.xy.XYAreaRenderer2,2.67,12,32
org.jfree.chart.renderer.xy.XYBarRenderer,2.84,26,125
org.jfree.chart.renderer.xy.XYBarRenderer.XYBarRendererState,1,1,3
org.jfree.chart.renderer.xy.XYBlockRenderer,2.63,10,50
org.jfree.chart.renderer.xy.XYBoxAndWhiskerRenderer,2.83,22,65
org.jfree.chart.renderer.xy.XYBubbleRenderer,4.29,14,30
org.jfree.chart.renderer.xy.XYDifferenceRenderer,3.68,29,92
org.jfree.chart.renderer.xy.XYDotRenderer,2.31,7,30
org.jfree.chart.renderer.xy.XYErrorRenderer,2.06,10,35
org.jfree.chart.renderer.xy.XYItemRendererState,1,1,7
org.jfree.chart.renderer.xy.XYLineAndShapeRenderer,2.38,15,107
org.jfree.chart.renderer.xy.XYLineAndShapeRenderer.State,1,1,4
org.jfree.chart.renderer.xy.XYShapeRenderer,2.08,12,52
org.jfree.chart.renderer.xy.XYSplineRenderer,3.54,25,46
org.jfree.chart.renderer.xy.XYSplineRenderer.FillType,n/a,n/a,0
org.jfree.chart.renderer.xy.XYSplineRenderer.XYSplineState,1,1,1
org.jfree.chart.renderer.xy.XYStepAreaRenderer,3.1,27,62
org.jfree.chart.renderer.xy.XYStepRenderer,3.11,14,28
org.jfree.chart.renderer.xy.YIntervalRenderer,2.25,7,18
org.jfree.chart.swing.AbstractOverlay,1.4,3,7
org.jfree.chart.swing.ApplicationFrame,1.12,2,9
org.jfree.chart.swing.ChartFrame,1.33,2,4
org.jfree.chart.swing.ChartMouseEvent,1,1,4
org.jfree.chart.swing.ChartPanel,2.37,18,272
org.jfree.chart.swing.CrosshairOverlay,4.15,10,83
org.jfree.chart.swing.DefaultSelectionZoomStrategy,1.5,5,27
org.jfree.chart.swing.MouseWheelHandler,2.4,5,12
org.jfree.chart.swing.NumberCellRenderer,2,3,4
org.jfree.chart.swing.OverlayChangeEvent,1,1,1
org.jfree.chart.swing.PolarChartPanel,2.57,5,18
org.jfree.chart.swing.UIUtils,1.3,3,13
org.jfree.chart.swing.editor.ChartEditorManager,1,1,4
org.jfree.chart.swing.editor.DefaultAxisEditor,1.65,4,28
org.jfree.chart.swing.editor.DefaultChartEditor,1.38,2,11
org.jfree.chart.swing.editor.DefaultChartEditorFactory,1,1,2
org.jfree.chart.swing.editor.DefaultLogAxisEditor,1.71,2,12
org.jfree.chart.swing.editor.DefaultNumberAxisEditor,1.71,2,12
org.jfree.chart.swing.editor.DefaultPlotEditor,3.94,23,67
org.jfree.chart.swing.editor.DefaultPolarPlotEditor,1.56,3,14
org.jfree.chart.swing.editor.DefaultTitleEditor,1.9,4,19
org.jfree.chart.swing.editor.DefaultValueAxisEditor,1.74,7,33
org.jfree.chart.swing.editor.FontChooserPanel,2.5,6,15
org.jfree.chart.swing.editor.FontDisplayField,1.25,2,5
org.jfree.chart.swing.editor.LCBLayout,3.5,11,28
org.jfree.chart.swing.editor.PaintSample,1,1,5
org.jfree.chart.swing.editor.StrokeChooserPanel,1.33,2,4
org.jfree.chart.swing.editor.StrokeSample,1.33,2,8
org.jfree.chart.text.AttributedStringUtils,4.5,8,9
org.jfree.chart.text.G2TextMeasurer,1,1,2
org.jfree.chart.text.TextAnchor,1,1,8
org.jfree.chart.text.TextBlock,1.93,6,27
org.jfree.chart.text.TextBlockAnchor,n/a,n/a,0
org.jfree.chart.text.TextBox,1.88,11,47
org.jfree.chart.text.TextFragment,1.87,7,28
org.jfree.chart.text.TextLine,1.85,4,24
org.jfree.chart.text.TextUtils,3.3,9,76
org.jfree.chart.text.format.HMSNumberFormat,1,1,4
org.jfree.chart.text.format.HexNumberFormat,1.29,3,9
org.jfree.chart.text.format.LogFormat,1.82,8,20
org.jfree.chart.text.format.RelativeDateFormat,1.64,16,46
org.jfree.chart.title.CompositeTitle,1.38,5,18
org.jfree.chart.title.DateTitle,1,1,5
org.jfree.chart.title.ImageTitle,2.5,7,30
org.jfree.chart.title.ShortTextTitle,3.43,14,24
org.jfree.chart.title.TextTitle,2.75,13,99
org.jfree.chart.title.Title,1.64,8,36
org.jfree.chart.urls.CustomCategoryURLGenerator,2.75,10,22
org.jfree.chart.urls.CustomPieURLGenerator,2.5,8,20
org.jfree.chart.urls.CustomXYURLGenerator,2.75,10,22
org.jfree.chart.urls.StandardCategoryURLGenerator,2.29,6,16
org.jfree.chart.urls.StandardPieURLGenerator,2.17,6,13
org.jfree.chart.urls.StandardXYURLGenerator,2.2,6,11
org.jfree.chart.urls.StandardXYZURLGenerator,1,1,1
org.jfree.chart.urls.TimeSeriesURLGenerator,2.12,7,17
org.jfree.chart.util.AttrStringUtils,2,9,32
org.jfree.chart.util.DefaultShadowGenerator,2.15,9,28
org.jfree.chart.util.DirectionalGradientPaintTransformer,5,9,10
org.jfree.chart.util.ExportUtils,1.33,2,8
org.jfree.chart.util.GradientPaintTransformType,n/a,n/a,0
org.jfree.chart.util.PaintAlpha,3.38,10,27
org.jfree.chart.util.StandardGradientPaintTransformer,2.29,5,16
org.jfree.chart.util.StringUtils,1.5,2,6
org.jfree.data.ComparableObjectItem,1.62,5,13
org.jfree.data.ComparableObjectSeries,2.38,10,50
org.jfree.data.DataUtils,3.56,6,32
org.jfree.data.DefaultKeyedValue,1.62,4,13
org.jfree.data.DefaultKeyedValues,1.95,9,43
org.jfree.data.DefaultKeyedValues2D,2.43,13,56
org.jfree.data.DomainOrder,n/a,n/a,0
org.jfree.data.KeyToGroupMap,2.62,7,34
org.jfree.data.KeyedObject,1.71,5,12
org.jfree.data.KeyedObjects,2.31,9,37
org.jfree.data.KeyedObjects2D,2.55,12,56
org.jfree.data.KeyedValueComparator,4.5,15,18
org.jfree.data.KeyedValueComparatorType,n/a,n/a,0
org.jfree.data.KeyedValues2DItemKey,1.62,5,13
org.jfree.data.KeyedValuesItemKey,1.5,4,9
org.jfree.data.Range,2.17,6,50
org.jfree.data.RangeType,n/a,n/a,0
org.jfree.data.UnknownKeyException,1,1,1
org.jfree.data.category.CategoryToPieDataset,3.25,9,39
org.jfree.data.category.DefaultCategoryDataset,1.4,10,35
org.jfree.data.category.DefaultIntervalCategoryDataset,2.52,9,83
org.jfree.data.category.SlidingCategoryDataset,1.7,6,34
org.jfree.data.flow.DefaultFlowDataset,2.47,10,42
org.jfree.data.flow.FlowDatasetUtils,3.71,5,26
org.jfree.data.flow.FlowKey,1.75,7,14
org.jfree.data.flow.NodeKey,1.71,6,12
org.jfree.data.function.LineFunction2D,1.5,4,9
org.jfree.data.function.NormalDistributionFunction2D,1.67,4,10
org.jfree.data.function.PolynomialFunction2D,1.33,2,8
org.jfree.data.function.PowerFunction2D,1.5,4,9
org.jfree.data.gantt.SlidingGanttCategoryDataset,1.85,6,61
org.jfree.data.gantt.Task,1.38,7,22
org.jfree.data.gantt.TaskSeries,1.55,5,17
org.jfree.data.gantt.TaskSeriesCollection,1.68,4,64
org.jfree.data.gantt.XYTaskDataset,1.42,6,44
org.jfree.data.general.AbstractDataset,1.33,3,16
org.jfree.data.general.AbstractSeriesDataset,1.67,3,5
org.jfree.data.general.DatasetChangeEvent,1,1,2
org.jfree.data.general.DatasetUtils,5.5,30,319
org.jfree.data.general.DefaultHeatMapDataset,2.13,10,32
org.jfree.data.general.DefaultKeyedValueDataset,2,7,20
org.jfree.data.general.DefaultKeyedValues2DDataset,n/a,n/a,0
org.jfree.data.general.DefaultKeyedValuesDataset,n/a,n/a,0
org.jfree.data.general.DefaultPieDataset,1.53,9,29
org.jfree.data.general.DefaultValueDataset,1.43,3,10
org.jfree.data.general.HeatMapUtils,2.33,3,7
org.jfree.data.general.Series,1.58,4,19
org.jfree.data.general.SeriesChangeEvent,1,1,1
org.jfree.data.general.SeriesException,1,1,1
org.jfree.data.general.WaferMapDataset,1.53,4,29
org.jfree.data.io.CSV,2.67,4,16
org.jfree.data.json.JSONUtils,3.5,9,14
org.jfree.data.json.impl.JSONArray,2.6,5,13
org.jfree.data.json.impl.JSONObject,2,4,14
org.jfree.data.json.impl.JSONValue,10,13,40
org.jfree.data.resources.DataPackageResources,1,1,1
org.jfree.data.resources.DataPackageResources_de,1,1,1
org.jfree.data.resources.DataPackageResources_es,1,1,1
org.jfree.data.resources.DataPackageResources_fr,1,1,1
org.jfree.data.resources.DataPackageResources_pl,1,1,1
org.jfree.data.resources.DataPackageResources_ru,1,1,1
org.jfree.data.statistics.BoxAndWhiskerCalculator,4.75,10,19
org.jfree.data.statistics.BoxAndWhiskerItem,1.86,12,26
org.jfree.data.statistics.DefaultBoxAndWhiskerCategoryDataset,1.82,10,82
org.jfree.data.statistics.DefaultBoxAndWhiskerXYDataset,1.75,6,49
org.jfree.data.statistics.DefaultMultiValueCategoryDataset,2.05,9,41
org.jfree.data.statistics.DefaultStatisticalCategoryDataset,2.17,14,65
org.jfree.data.statistics.HistogramBin,1.44,4,13
org.jfree.data.statistics.HistogramDataset,1.95,8,43
org.jfree.data.statistics.HistogramType,n/a,n/a,0
org.jfree.data.statistics.MeanAndStandardDeviation,1.67,5,15
org.jfree.data.statistics.Regression,6,14,36
org.jfree.data.statistics.SimpleHistogramBin,2.92,7,35
org.jfree.data.statistics.SimpleHistogramDataset,1.54,6,43
org.jfree.data.statistics.Statistics,3.54,7,46
org.jfree.data.time.DateRange,1,1,9
org.jfree.data.time.Day,1.29,4,31
org.jfree.data.time.DynamicTimeSeriesCollection,2.14,9,90
org.jfree.data.time.DynamicTimeSeriesCollection.ValueSequence,1.25,2,5
org.jfree.data.time.FixedMillisecond,1.41,5,24
org.jfree.data.time.Hour,1.54,5,37
org.jfree.data.time.Millisecond,1.89,8,36
org.jfree.data.time.Minute,1.64,5,36
org.jfree.data.time.Month,1.96,8,47
org.jfree.data.time.MovingAverage,5.33,11,32
org.jfree.data.time.Quarter,1.59,4,35
org.jfree.data.time.RegularTimePeriod,2.18,8,24
org.jfree.data.time.Second,1.9,7,38
org.jfree.data.time.SimpleTimePeriod,2.22,7,20
org.jfree.data.time.TimePeriodAnchor,n/a,n/a,0
org.jfree.data.time.TimePeriodFormatException,1,1,1
org.jfree.data.time.TimePeriodValue,1.89,7,17
org.jfree.data.time.TimePeriodValues,2,13,44
org.jfree.data.time.TimePeriodValuesCollection,1.78,7,41
org.jfree.data.time.TimeSeries,2.56,9,138
org.jfree.data.time.TimeSeriesCollection,1.87,5,71
org.jfree.data.time.TimeSeriesDataItem,1.67,5,15
org.jfree.data.time.TimeSeriesTableModel,2.36,6,26
org.jfree.data.time.TimeTableXYDataset,1.55,7,51
org.jfree.data.time.Week,2.12,7,53
org.jfree.data.time.Year,1.37,3,26
org.jfree.data.time.ohlc.OHLC,1.86,7,13
org.jfree.data.time.ohlc.OHLCItem,1.57,2,11
org.jfree.data.time.ohlc.OHLCSeries,1.33,3,8
org.jfree.data.time.ohlc.OHLCSeriesCollection,1.43,4,40
org.jfree.data.xml.CategoryDatasetHandler,1.8,4,9
org.jfree.data.xml.CategorySeriesHandler,1.8,3,9
org.jfree.data.xml.DatasetReader,1.17,2,7
org.jfree.data.xml.ItemHandler,1.57,3,11
org.jfree.data.xml.KeyHandler,1.5,2,9
org.jfree.data.xml.PieDatasetHandler,1.8,4,9
org.jfree.data.xml.RootHandler,1.67,4,10
org.jfree.data.xml.ValueHandler,1.67,3,10
org.jfree.data.xy.AbstractIntervalXYDataset,2,2,8
org.jfree.data.xy.AbstractXYDataset,1.67,2,5
org.jfree.data.xy.AbstractXYZDataset,2,2,2
org.jfree.data.xy.CategoryTableXYDataset,1.22,4,33
org.jfree.data.xy.DefaultHighLowDataset,1.79,10,34
org.jfree.data.xy.DefaultIntervalXYDataset,1.7,11,34
org.jfree.data.xy.DefaultOHLCDataset,1.45,5,29
org.jfree.data.xy.DefaultTableXYDataset,1.92,7,69
org.jfree.data.xy.DefaultWindDataset,2,7,26
org.jfree.data.xy.DefaultXYDataset,1.93,7,29
org.jfree.data.xy.DefaultXYZDataset,1.71,8,29
org.jfree.data.xy.IntervalXYDelegate,1.82,6,40
org.jfree.data.xy.MatrixSeries,1.82,8,20
org.jfree.data.xy.MatrixSeriesCollection,1.44,4,23
org.jfree.data.xy.NormalizedMatrixSeries,1,1,6
org.jfree.data.xy.OHLCDataItem,1.89,8,17
org.jfree.data.xy.Vector,1.57,5,11
org.jfree.data.xy.VectorDataItem,1.33,2,8
org.jfree.data.xy.VectorSeries,1,1,10
org.jfree.data.xy.VectorSeriesCollection,1.22,3,22
org.jfree.data.xy.WindDataItem,2.33,6,14
org.jfree.data.xy.XIntervalDataItem,1.6,2,8
org.jfree.data.xy.XIntervalSeries,1,1,9
org.jfree.data.xy.XIntervalSeriesCollection,1.23,3,27
org.jfree.data.xy.XYBarDataset,1.32,5,29
org.jfree.data.xy.XYCoordinate,2.12,6,17
org.jfree.data.xy.XYDataItem,1.62,5,21
org.jfree.data.xy.XYDatasetTableModel,1.7,3,17
org.jfree.data.xy.XYInterval,2,8,14
org.jfree.data.xy.XYIntervalDataItem,1.71,2,12
org.jfree.data.xy.XYIntervalSeries,1,1,11
org.jfree.data.xy.XYIntervalSeriesCollection,1.23,3,27
org.jfree.data.xy.XYItemKey,1.62,5,13
org.jfree.data.xy.XYSeries,2.22,10,100
org.jfree.data.xy.XYSeriesCollection,2.08,6,81
org.jfree.data.xy.YInterval,2,6,10
org.jfree.data.xy.YIntervalDataItem,1.6,2,8
org.jfree.data.xy.YIntervalSeries,1,1,9
org.jfree.data.xy.YIntervalSeriesCollection,1.2,3,24
org.jfree.data.xy.YWithXInterval,2,6,10