Dependency metrics,Wed., 19 Oct. 2022 18:20:12 EDT,,,,,
Class,Cyclic,Dcy,Dcy*,Dpt,Dpt*,PDcy,PDpt
org.jfree.chart.ChartColor,0,0,0,1,538,0,1
org.jfree.chart.ChartFactory,0,88,357,33,40,18,6
org.jfree.chart.ChartHints,0,1,1,2,537,1,2
org.jfree.chart.ChartHints.Key,0,0,0,1,538,0,1
org.jfree.chart.ChartRenderingInfo,1,5,11,37,561,4,11
org.jfree.chart.ChartTransferable,0,1,110,1,8,1,1
org.jfree.chart.ChartUtils,0,13,367,1,8,4,1
org.jfree.chart.JFreeChart,26,38,109,86,536,10,11
org.jfree.chart.StandardChartTheme,0,55,296,2,42,14,1
org.jfree.chart.annotations.AbstractAnnotation,0,4,110,16,73,2,1
org.jfree.chart.annotations.AbstractXYAnnotation,0,8,198,10,64,5,1
org.jfree.chart.annotations.CategoryLineAnnotation,0,17,195,2,2,7,2
org.jfree.chart.annotations.CategoryPointerAnnotation,0,17,197,1,1,8,1
org.jfree.chart.annotations.CategoryTextAnnotation,0,16,196,5,5,8,2
org.jfree.chart.annotations.TextAnnotation,0,6,111,3,6,3,1
org.jfree.chart.annotations.XYBoxAnnotation,0,12,199,1,1,5,1
org.jfree.chart.annotations.XYDataImageAnnotation,0,13,199,0,0,6,0
org.jfree.chart.annotations.XYDrawableAnnotation,0,11,199,1,1,6,1
org.jfree.chart.annotations.XYImageAnnotation,0,12,199,0,0,5,0
org.jfree.chart.annotations.XYLineAnnotation,0,14,200,1,1,5,1
org.jfree.chart.annotations.XYPointerAnnotation,0,14,200,1,1,6,1
org.jfree.chart.annotations.XYPolygonAnnotation,0,14,199,1,1,5,1
org.jfree.chart.annotations.XYShapeAnnotation,0,13,199,1,1,5,1
org.jfree.chart.annotations.XYTextAnnotation,0,15,199,8,49,6,4
org.jfree.chart.annotations.XYTitleAnnotation,0,24,200,1,1,10,1
org.jfree.chart.api.HorizontalAlignment,0,0,0,12,550,0,4
org.jfree.chart.api.Layer,0,0,0,8,196,0,3
org.jfree.chart.api.LengthAdjustmentType,0,0,0,8,559,0,4
org.jfree.chart.api.RectangleAlignment,0,1,1,5,538,1,3
org.jfree.chart.api.RectangleAnchor,0,2,3,27,560,2,12
org.jfree.chart.api.RectangleEdge,0,0,0,100,549,0,11
org.jfree.chart.api.RectangleInsets,0,3,3,62,558,2,14
org.jfree.chart.api.Rotation,0,0,0,5,50,0,2
org.jfree.chart.api.SortOrder,0,0,0,9,579,0,5
org.jfree.chart.api.TableOrder,0,0,0,7,48,0,4
org.jfree.chart.api.UnitType,0,0,0,7,559,0,5
org.jfree.chart.api.VerticalAlignment,0,0,0,12,539,0,4
org.jfree.chart.api.XYCoordinateType,0,0,0,1,2,0,1
org.jfree.chart.axis.Axis,26,22,109,40,536,9,8
org.jfree.chart.axis.AxisCollection,0,3,110,2,196,3,1
org.jfree.chart.axis.AxisLabelLocation,0,0,0,2,537,0,1
org.jfree.chart.axis.AxisLocation,0,1,1,13,537,1,4
org.jfree.chart.axis.AxisSpace,0,3,3,16,538,2,3
org.jfree.chart.axis.AxisState,0,3,6,21,537,3,2
org.jfree.chart.axis.CategoryAnchor,0,0,0,7,114,0,3
org.jfree.chart.axis.CategoryAxis,3,29,193,48,112,10,6
org.jfree.chart.axis.CategoryLabelPosition,0,5,7,4,116,4,1
org.jfree.chart.axis.CategoryLabelPositions,0,7,9,3,114,4,1
org.jfree.chart.axis.CategoryLabelWidthType,0,0,0,5,118,0,1
org.jfree.chart.axis.CategoryTick,0,4,15,2,114,2,1
org.jfree.chart.axis.CompassFormat,0,2,2,0,0,1,0
org.jfree.chart.axis.CyclicNumberAxis,0,21,123,2,2,6,2
org.jfree.chart.axis.CyclicNumberAxis.CycleBoundTick,0,2,6,1,3,2,1
org.jfree.chart.axis.DateAxis,0,26,139,4,43,7,3
org.jfree.chart.axis.DateAxis.DefaultTimeline,0,1,1,1,44,1,1
org.jfree.chart.axis.DateTick,0,4,5,3,45,3,1
org.jfree.chart.axis.DateTickMarkPosition,0,0,0,3,45,0,1
org.jfree.chart.axis.DateTickUnit,0,3,3,4,45,2,1
org.jfree.chart.axis.DateTickUnitType,0,0,0,4,46,0,1
org.jfree.chart.axis.ExtendedCategoryAxis,0,10,194,1,1,5,1
org.jfree.chart.axis.LogAxis,0,18,117,4,19,7,3
org.jfree.chart.axis.LogTick,0,3,5,2,231,2,1
org.jfree.chart.axis.LogarithmicAxis,0,11,122,2,2,5,1
org.jfree.chart.axis.MarkerAxisBand,1,7,121,2,100,5,1
org.jfree.chart.axis.ModuloAxis,0,6,122,1,1,4,1
org.jfree.chart.axis.MonthDateFormat,0,1,1,1,1,1,1
org.jfree.chart.axis.NumberAxis,1,21,121,56,100,7,10
org.jfree.chart.axis.NumberTick,0,3,5,8,108,2,3
org.jfree.chart.axis.NumberTickUnit,0,2,2,15,115,2,3
org.jfree.chart.axis.NumberTickUnitSource,0,3,4,2,102,1,1
org.jfree.chart.axis.PeriodAxis,0,22,132,2,44,7,2
org.jfree.chart.axis.PeriodAxisLabelInfo,0,4,21,4,46,3,2
org.jfree.chart.axis.QuarterDateFormat,0,1,1,1,1,1,1
org.jfree.chart.axis.StandardTickUnitSource,0,3,4,1,1,1,1
org.jfree.chart.axis.SubCategoryAxis,0,15,194,2,43,8,2
org.jfree.chart.axis.SymbolAxis,0,18,122,2,44,6,2
org.jfree.chart.axis.Tick,0,2,2,13,544,2,2
org.jfree.chart.axis.TickType,0,0,0,12,543,0,2
org.jfree.chart.axis.TickUnit,0,0,0,15,241,0,3
org.jfree.chart.axis.TickUnits,0,3,4,2,45,1,1
org.jfree.chart.axis.ValueAxis,0,17,113,120,230,7,10
org.jfree.chart.axis.ValueTick,0,3,4,12,542,2,3
org.jfree.chart.block.AbstractBlock,0,10,15,20,549,4,5
org.jfree.chart.block.BlockBorder,0,5,8,4,550,3,2
org.jfree.chart.block.BlockContainer,2,13,30,14,544,4,4
org.jfree.chart.block.BlockParams,0,1,1,2,537,1,2
org.jfree.chart.block.BlockResult,0,2,9,5,546,2,3
org.jfree.chart.block.BorderArrangement,2,9,30,4,544,3,3
org.jfree.chart.block.CenterArrangement,0,7,31,1,537,2,1
org.jfree.chart.block.ColorBlock,0,7,18,1,1,2,1
org.jfree.chart.block.ColumnArrangement,0,9,33,3,537,3,2
org.jfree.chart.block.EmptyBlock,0,5,18,5,5,2,1
org.jfree.chart.block.FlowArrangement,0,9,33,3,537,3,2
org.jfree.chart.block.GridArrangement,0,7,31,1,1,2,1
org.jfree.chart.block.LabelBlock,0,16,37,3,537,5,3
org.jfree.chart.block.LengthConstraintType,0,0,0,14,553,0,4
org.jfree.chart.block.LineBorder,0,5,8,1,1,3,1
org.jfree.chart.block.RectangleConstraint,0,4,5,24,552,3,5
org.jfree.chart.block.Size2D,0,1,1,32,575,1,9
org.jfree.chart.date.SerialDate,1,3,3,6,98,1,2
org.jfree.chart.date.SpreadsheetDate,1,2,3,1,98,1,1
org.jfree.chart.encoders.EncoderUtil,0,2,2,1,9,1,1
org.jfree.chart.encoders.ImageEncoderFactory,0,1,1,1,10,1,1
org.jfree.chart.encoders.SunJPEGEncoderAdapter,0,2,2,0,0,2,0
org.jfree.chart.encoders.SunPNGEncoderAdapter,0,3,3,0,0,2,0
org.jfree.chart.entity.AxisEntity,26,5,109,1,536,3,1
org.jfree.chart.entity.CategoryItemEntity,0,3,13,3,97,3,3
org.jfree.chart.entity.CategoryLabelEntity,0,3,8,2,114,2,2
org.jfree.chart.entity.ChartEntity,0,6,6,30,584,3,7
org.jfree.chart.entity.FlowEntity,0,3,8,2,3,3,2
org.jfree.chart.entity.JFreeChartEntity,26,5,109,1,536,3,1
org.jfree.chart.entity.LegendItemEntity,0,2,10,2,538,2,2
org.jfree.chart.entity.NodeEntity,0,3,8,1,2,3,1
org.jfree.chart.entity.PieSectionEntity,0,3,13,4,50,3,3
org.jfree.chart.entity.PlotEntity,26,5,109,1,536,3,1
org.jfree.chart.entity.StandardEntityCollection,0,4,8,9,571,3,6
org.jfree.chart.entity.TickLabelEntity,0,1,7,2,116,1,1
org.jfree.chart.entity.TitleEntity,26,5,109,2,536,3,2
org.jfree.chart.entity.XYAnnotationEntity,0,1,7,1,65,1,1
org.jfree.chart.entity.XYItemEntity,0,2,13,7,137,2,3
org.jfree.chart.event.AnnotationChangeEvent,26,3,109,7,536,3,4
org.jfree.chart.event.AxisChangeEvent,26,2,109,9,536,2,4
org.jfree.chart.event.ChartChangeEvent,26,3,109,33,536,3,5
org.jfree.chart.event.ChartChangeEventType,0,0,0,4,537,0,2
org.jfree.chart.event.ChartProgressEvent,26,3,109,3,536,3,3
org.jfree.chart.event.ChartProgressEventType,0,0,0,2,537,0,2
org.jfree.chart.event.MarkerChangeEvent,26,2,109,10,536,2,2
org.jfree.chart.event.PlotChangeEvent,26,2,109,13,536,2,6
org.jfree.chart.event.RendererChangeEvent,0,1,110,11,428,1,4
org.jfree.chart.event.TitleChangeEvent,26,2,109,8,536,2,4
org.jfree.chart.imagemap.DynamicDriveToolTipTagFragmentGenerator,0,2,17,0,0,1,0
org.jfree.chart.imagemap.ImageMapUtils,2,10,16,5,16,5,2
org.jfree.chart.imagemap.OverLIBToolTipTagFragmentGenerator,2,2,16,4,16,1,2
org.jfree.chart.imagemap.StandardToolTipTagFragmentGenerator,2,2,16,4,16,1,2
org.jfree.chart.imagemap.StandardURLTagFragmentGenerator,0,1,1,4,18,1,2
org.jfree.chart.internal.Args,0,0,0,239,825,0,39
org.jfree.chart.internal.ArrayUtils,0,1,1,2,236,0,2
org.jfree.chart.internal.CloneUtils,0,2,2,242,636,2,28
org.jfree.chart.internal.HashUtils,0,0,0,55,643,0,14
org.jfree.chart.internal.LineUtils,0,1,1,5,62,1,4
org.jfree.chart.internal.PaintUtils,0,1,1,68,572,0,15
org.jfree.chart.internal.SerialUtils,0,1,1,95,626,1,17
org.jfree.chart.internal.ShapeUtils,0,2,4,29,554,2,10
org.jfree.chart.labels.AbstractCategoryItemLabelGenerator,0,7,21,6,59,4,1
org.jfree.chart.labels.AbstractPieItemLabelGenerator,0,5,60,4,52,3,2
org.jfree.chart.labels.AbstractXYItemLabelGenerator,0,4,8,8,56,3,1
org.jfree.chart.labels.BoxAndWhiskerToolTipGenerator,0,8,25,2,42,5,2
org.jfree.chart.labels.BoxAndWhiskerXYToolTipGenerator,0,6,13,2,43,4,2
org.jfree.chart.labels.BubbleXYItemLabelGenerator,0,8,12,1,1,5,1
org.jfree.chart.labels.CustomXYToolTipGenerator,0,3,8,1,1,3,1
org.jfree.chart.labels.HighLowItemLabelGenerator,0,7,11,3,44,5,3
org.jfree.chart.labels.IntervalCategoryItemLabelGenerator,0,8,25,2,2,4,2
org.jfree.chart.labels.IntervalCategoryToolTipGenerator,0,6,25,2,42,3,2
org.jfree.chart.labels.IntervalXYItemLabelGenerator,0,6,12,1,1,4,1
org.jfree.chart.labels.IntervalXYToolTipGenerator,0,6,12,0,0,4,0
org.jfree.chart.labels.ItemLabelAnchor,0,0,0,10,424,0,5
org.jfree.chart.labels.ItemLabelPosition,0,3,3,15,423,3,5
org.jfree.chart.labels.MultipleXYSeriesLabelGenerator,0,6,10,1,1,5,1
org.jfree.chart.labels.StandardCategoryItemLabelGenerator,0,4,23,8,51,3,3
org.jfree.chart.labels.StandardCategorySeriesLabelGenerator,0,6,10,3,95,5,2
org.jfree.chart.labels.StandardCategoryToolTipGenerator,0,3,23,18,51,2,4
org.jfree.chart.labels.StandardCrosshairLabelGenerator,2,3,10,2,5,3,1
org.jfree.chart.labels.StandardFlowLabelGenerator,0,4,9,3,3,3,2
org.jfree.chart.labels.StandardPieSectionLabelGenerator,0,5,62,4,49,4,3
org.jfree.chart.labels.StandardPieToolTipGenerator,0,4,62,3,42,3,3
org.jfree.chart.labels.StandardXYItemLabelGenerator,0,4,11,3,3,3,2
org.jfree.chart.labels.StandardXYSeriesLabelGenerator,0,6,10,4,134,5,2
org.jfree.chart.labels.StandardXYToolTipGenerator,0,4,11,15,49,3,4
org.jfree.chart.labels.StandardXYZToolTipGenerator,0,7,14,2,42,4,2
org.jfree.chart.labels.SymbolicXYItemLabelGenerator,0,10,45,1,1,5,1
org.jfree.chart.legend.LegendGraphic,0,14,23,2,537,4,1
org.jfree.chart.legend.LegendItem,0,10,16,52,539,5,7
org.jfree.chart.legend.LegendItemBlockContainer,0,9,35,1,537,3,1
org.jfree.chart.legend.LegendItemCollection,0,2,17,28,538,2,8
org.jfree.chart.legend.LegendRenderingOrder,0,0,0,0,0,0,0
org.jfree.chart.legend.LegendTitle,26,34,109,4,536,8,2
org.jfree.chart.legend.PaintScaleLegend,0,23,115,2,44,9,2
org.jfree.chart.plot.CategoryCrosshairState,0,2,2,3,115,1,2
org.jfree.chart.plot.CategoryMarker,0,4,110,6,114,4,2
org.jfree.chart.plot.CategoryPlot,3,57,193,59,112,13,7
org.jfree.chart.plot.CenterTextMode,0,0,0,2,43,0,1
org.jfree.chart.plot.CombinedDomainCategoryPlot,0,19,194,2,44,9,2
org.jfree.chart.plot.CombinedDomainXYPlot,0,23,202,2,44,12,2
org.jfree.chart.plot.CombinedRangeCategoryPlot,0,20,201,2,44,9,2
org.jfree.chart.plot.CombinedRangeXYPlot,0,21,202,2,44,10,2
org.jfree.chart.plot.Crosshair,2,8,10,5,5,3,3
org.jfree.chart.plot.CrosshairState,0,1,1,34,202,1,2
org.jfree.chart.plot.DatasetRenderingOrder,0,0,0,3,196,0,1
org.jfree.chart.plot.DefaultDrawingSupplier,0,6,9,6,537,4,3
org.jfree.chart.plot.DialShape,0,0,0,2,46,0,1
org.jfree.chart.plot.FastScatterPlot,0,23,126,2,44,6,2
org.jfree.chart.plot.IntervalMarker,0,4,110,6,202,4,4
org.jfree.chart.plot.Marker,26,10,109,18,536,4,6
org.jfree.chart.plot.MeterInterval,0,4,5,4,47,2,2
org.jfree.chart.plot.MeterPlot,0,18,114,3,45,7,2
org.jfree.chart.plot.Plot,26,39,109,66,536,10,16
org.jfree.chart.plot.PlotOrientation,0,0,0,102,544,0,10
org.jfree.chart.plot.PlotRenderingInfo,1,4,11,100,561,2,12
org.jfree.chart.plot.PlotState,26,2,109,18,536,1,5
org.jfree.chart.plot.PolarAxisLocation,0,0,0,1,53,0,1
org.jfree.chart.plot.PolarPlot,1,36,174,9,52,12,5
org.jfree.chart.plot.RingPlot,0,22,178,3,42,11,2
org.jfree.chart.plot.SeriesRenderingOrder,0,0,0,1,133,0,1
org.jfree.chart.plot.SpiderWebPlot,0,27,169,2,44,11,2
org.jfree.chart.plot.ThermometerPlot,0,25,127,2,44,8,2
org.jfree.chart.plot.ValueMarker,0,2,110,7,179,2,4
org.jfree.chart.plot.WaferMapPlot,1,14,131,2,42,7,2
org.jfree.chart.plot.XYCrosshairState,0,1,2,0,0,1,0
org.jfree.chart.plot.XYPlot,3,53,195,80,132,14,8
org.jfree.chart.plot.compass.ArrowNeedle,0,2,6,3,5,2,1
org.jfree.chart.plot.compass.CompassPlot,0,24,124,1,1,8,1
org.jfree.chart.plot.compass.LineNeedle,0,1,6,3,4,1,1
org.jfree.chart.plot.compass.LongNeedle,0,1,6,2,3,1,1
org.jfree.chart.plot.compass.MeterNeedle,0,3,5,11,21,1,1
org.jfree.chart.plot.compass.MiddlePinNeedle,0,1,6,2,3,1,1
org.jfree.chart.plot.compass.PinNeedle,0,1,6,2,3,1,1
org.jfree.chart.plot.compass.PlumNeedle,0,1,6,2,3,1,1
org.jfree.chart.plot.compass.PointerNeedle,0,1,6,2,3,1,1
org.jfree.chart.plot.compass.ShipNeedle,0,1,6,2,3,1,1
org.jfree.chart.plot.compass.WindNeedle,0,2,7,2,3,1,1
org.jfree.chart.plot.dial.AbstractDialLayer,8,5,120,22,29,2,1
org.jfree.chart.plot.dial.ArcDialFrame,8,9,120,3,29,3,1
org.jfree.chart.plot.dial.DialBackground,0,11,121,2,2,4,1
org.jfree.chart.plot.dial.DialCap,0,9,121,3,3,3,1
org.jfree.chart.plot.dial.DialLayerChangeEvent,8,2,120,15,29,2,1
org.jfree.chart.plot.dial.DialPlot,8,17,120,12,29,6,1
org.jfree.chart.plot.dial.DialPointer,8,5,120,4,29,3,1
org.jfree.chart.plot.dial.DialPointer.Pin,0,9,121,1,1,2,1
org.jfree.chart.plot.dial.DialPointer.Pointer,0,9,121,1,1,2,1
org.jfree.chart.plot.dial.DialTextAnnotation,0,11,121,1,1,4,1
org.jfree.chart.plot.dial.DialValueIndicator,0,14,121,1,1,5,1
org.jfree.chart.plot.dial.StandardDialFrame,0,9,121,2,2,3,1
org.jfree.chart.plot.dial.StandardDialRange,0,10,121,1,1,3,1
org.jfree.chart.plot.dial.StandardDialScale,0,10,121,2,2,4,1
org.jfree.chart.plot.flow.FlowPlot,0,21,118,1,1,9,1
org.jfree.chart.plot.pie.AbstractPieLabelDistributor,0,2,19,2,49,2,1
org.jfree.chart.plot.pie.MultiplePiePlot,0,30,178,3,43,11,2
org.jfree.chart.plot.pie.PieLabelDistributor,0,2,20,1,48,1,1
org.jfree.chart.plot.pie.PieLabelLinkStyle,0,0,0,4,48,0,2
org.jfree.chart.plot.pie.PieLabelRecord,0,1,18,4,51,1,1
org.jfree.chart.plot.pie.PiePlot,0,41,175,9,47,14,4
org.jfree.chart.plot.pie.PiePlotState,0,2,13,2,48,2,2
org.jfree.chart.renderer.AbstractRenderer,0,18,115,76,410,7,5
org.jfree.chart.renderer.AreaRendererEndType,0,0,0,3,46,0,2
org.jfree.chart.renderer.DefaultPolarItemRenderer,0,26,181,3,43,13,3
org.jfree.chart.renderer.GrayPaintScale,0,3,3,3,3,3,3
org.jfree.chart.renderer.LookupPaintScale,0,6,7,6,6,3,3
org.jfree.chart.renderer.LookupPaintScale.PaintItem,0,2,4,1,7,1,1
org.jfree.chart.renderer.NotOutlierException,0,0,0,0,0,0,0
org.jfree.chart.renderer.Outlier,0,0,0,5,47,0,3
org.jfree.chart.renderer.OutlierList,0,1,1,3,45,1,3
org.jfree.chart.renderer.OutlierListCollection,0,2,2,2,44,1,2
org.jfree.chart.renderer.RendererState,0,3,12,29,213,3,4
org.jfree.chart.renderer.RendererUtils,0,3,7,2,134,3,2
org.jfree.chart.renderer.WaferMapRenderer,1,7,131,2,42,4,2
org.jfree.chart.renderer.category.AbstractCategoryItemRenderer,0,42,202,37,93,15,3
org.jfree.chart.renderer.category.AreaRenderer,0,18,204,4,44,11,3
org.jfree.chart.renderer.category.BarRenderer,2,30,205,22,67,13,5
org.jfree.chart.renderer.category.BoxAndWhiskerRenderer,0,25,206,2,42,12,2
org.jfree.chart.renderer.category.CategoryItemRendererState,0,4,17,21,114,2,2
org.jfree.chart.renderer.category.CategoryStepRenderer,0,17,204,1,1,10,1
org.jfree.chart.renderer.category.CategoryStepRenderer.State,0,2,18,1,2,2,1
org.jfree.chart.renderer.category.DefaultCategoryItemRenderer,0,1,204,2,2,1,2
org.jfree.chart.renderer.category.GanttRenderer,0,21,208,2,42,11,2
org.jfree.chart.renderer.category.GradientBarPainter,2,5,205,5,67,4,2
org.jfree.chart.renderer.category.GroupedStackedBarRenderer,0,22,208,1,1,11,1
org.jfree.chart.renderer.category.IntervalBarRenderer,0,17,206,2,44,9,1
org.jfree.chart.renderer.category.LayeredBarRenderer,0,16,206,1,1,10,1
org.jfree.chart.renderer.category.LevelRenderer,0,17,203,1,1,10,1
org.jfree.chart.renderer.category.LineAndShapeRenderer,0,16,203,11,55,11,5
org.jfree.chart.renderer.category.MinMaxCategoryRenderer,0,14,203,2,44,8,2
org.jfree.chart.renderer.category.ScatterRenderer,0,16,203,1,1,11,1
org.jfree.chart.renderer.category.StackedAreaRenderer,0,16,206,2,42,9,2
org.jfree.chart.renderer.category.StackedBarRenderer,0,22,207,3,44,11,2
org.jfree.chart.renderer.category.StandardBarPainter,0,5,206,3,43,4,2
org.jfree.chart.renderer.category.StatisticalBarRenderer,0,20,206,2,44,12,2
org.jfree.chart.renderer.category.StatisticalLineAndShapeRenderer,0,20,204,1,1,10,1
org.jfree.chart.renderer.category.WaterfallBarRenderer,0,22,206,2,42,11,2
org.jfree.chart.renderer.xy.AbstractXYItemRenderer,3,40,195,46,132,17,3
org.jfree.chart.renderer.xy.CandlestickRenderer,0,23,197,2,42,12,2
org.jfree.chart.renderer.xy.ClusteredXYBarRenderer,0,20,200,1,1,12,1
org.jfree.chart.renderer.xy.CyclicXYItemRenderer,0,12,207,0,0,6,0
org.jfree.chart.renderer.xy.CyclicXYItemRenderer.OverwriteDataSet,0,5,7,1,1,3,1
org.jfree.chart.renderer.xy.DefaultXYItemRenderer,0,1,199,1,1,1,1
org.jfree.chart.renderer.xy.DeviationRenderer,0,17,200,3,3,9,1
org.jfree.chart.renderer.xy.DeviationRenderer.State,0,2,21,2,4,2,1
org.jfree.chart.renderer.xy.DeviationStepRenderer,0,16,201,1,1,8,1
org.jfree.chart.renderer.xy.GradientXYBarPainter,2,5,199,5,52,4,2
org.jfree.chart.renderer.xy.HighLowRenderer,0,19,196,2,42,11,2
org.jfree.chart.renderer.xy.SamplingXYLineRenderer,0,16,197,0,0,7,0
org.jfree.chart.renderer.xy.SamplingXYLineRenderer.State,0,3,20,1,1,3,1
org.jfree.chart.renderer.xy.StackedXYAreaRenderer,0,23,199,1,1,12,1
org.jfree.chart.renderer.xy.StackedXYAreaRenderer.StackedXYAreaRendererState,0,2,20,1,2,2,1
org.jfree.chart.renderer.xy.StackedXYAreaRenderer2,0,19,197,2,41,12,2
org.jfree.chart.renderer.xy.StackedXYBarRenderer,0,23,200,1,1,12,1
org.jfree.chart.renderer.xy.StandardXYBarPainter,0,5,200,3,43,4,2
org.jfree.chart.renderer.xy.StandardXYItemRenderer,0,26,197,7,19,13,3
org.jfree.chart.renderer.xy.StandardXYItemRenderer.State,0,2,20,1,20,2,1
org.jfree.chart.renderer.xy.VectorRenderer,0,17,198,1,1,11,1
org.jfree.chart.renderer.xy.WindItemRenderer,0,12,197,2,42,6,2
org.jfree.chart.renderer.xy.XYAreaRenderer,0,26,197,4,43,13,2
org.jfree.chart.renderer.xy.XYAreaRenderer.XYAreaRendererState,0,2,20,1,44,2,1
org.jfree.chart.renderer.xy.XYAreaRenderer2,0,23,196,3,43,12,2
org.jfree.chart.renderer.xy.XYBarRenderer,2,32,199,10,52,14,3
org.jfree.chart.renderer.xy.XYBarRenderer.XYBarRendererState,0,2,20,2,53,2,1
org.jfree.chart.renderer.xy.XYBlockRenderer,0,20,199,1,1,10,1
org.jfree.chart.renderer.xy.XYBoxAndWhiskerRenderer,0,23,202,2,41,12,2
org.jfree.chart.renderer.xy.XYBubbleRenderer,0,18,196,2,42,11,2
org.jfree.chart.renderer.xy.XYDifferenceRenderer,0,27,196,1,1,14,1
org.jfree.chart.renderer.xy.XYDotRenderer,0,18,196,1,1,10,1
org.jfree.chart.renderer.xy.XYErrorRenderer,0,15,199,1,1,8,1
org.jfree.chart.renderer.xy.XYItemRendererState,0,3,19,37,141,3,2
org.jfree.chart.renderer.xy.XYLineAndShapeRenderer,0,23,198,16,56,12,5
org.jfree.chart.renderer.xy.XYLineAndShapeRenderer.State,0,3,20,6,59,3,1
org.jfree.chart.renderer.xy.XYShapeRenderer,0,23,199,1,1,12,1
org.jfree.chart.renderer.xy.XYSplineRenderer,0,15,201,1,1,8,1
org.jfree.chart.renderer.xy.XYSplineRenderer.FillType,0,0,0,2,2,0,1
org.jfree.chart.renderer.xy.XYSplineRenderer.XYSplineState,0,2,21,1,2,2,1
org.jfree.chart.renderer.xy.XYStepAreaRenderer,0,17,196,2,42,10,2
org.jfree.chart.renderer.xy.XYStepRenderer,0,19,199,2,42,10,2
org.jfree.chart.renderer.xy.YIntervalRenderer,0,20,196,1,1,12,1
org.jfree.chart.swing.AbstractOverlay,0,4,4,1,2,2,1
org.jfree.chart.swing.ApplicationFrame,0,0,0,0,0,0,0
org.jfree.chart.swing.ChartFrame,0,2,399,0,0,2,0
org.jfree.chart.swing.ChartMouseEvent,0,2,110,3,9,2,1
org.jfree.chart.swing.ChartPanel,2,27,398,6,7,7,1
org.jfree.chart.swing.CrosshairOverlay,0,16,403,1,1,8,1
org.jfree.chart.swing.DefaultSelectionZoomStrategy,0,2,3,1,8,2,1
org.jfree.chart.swing.MouseWheelHandler,2,7,398,1,7,4,1
org.jfree.chart.swing.NumberCellRenderer,0,0,0,1,1,0,1
org.jfree.chart.swing.OverlayChangeEvent,0,0,0,3,10,0,1
org.jfree.chart.swing.PolarChartPanel,0,5,399,0,0,4,0
org.jfree.chart.swing.UIUtils,0,1,1,0,0,1,0
org.jfree.chart.swing.editor.ChartEditorManager,0,5,248,1,8,3,1
org.jfree.chart.swing.editor.DefaultAxisEditor,3,10,132,2,16,3,1
org.jfree.chart.swing.editor.DefaultChartEditor,0,10,245,1,10,4,1
org.jfree.chart.swing.editor.DefaultChartEditorFactory,0,4,247,1,9,2,1
org.jfree.chart.swing.editor.DefaultLogAxisEditor,3,5,132,1,16,2,1
org.jfree.chart.swing.editor.DefaultNumberAxisEditor,3,6,132,1,16,2,1
org.jfree.chart.swing.editor.DefaultPlotEditor,0,16,241,2,12,6,1
org.jfree.chart.swing.editor.DefaultPolarPlotEditor,0,6,242,1,11,3,1
org.jfree.chart.swing.editor.DefaultTitleEditor,0,7,114,1,11,3,1
org.jfree.chart.swing.editor.DefaultValueAxisEditor,3,7,132,2,16,2,1
org.jfree.chart.swing.editor.FontChooserPanel,0,0,0,2,18,0,1
org.jfree.chart.swing.editor.FontDisplayField,0,0,0,2,18,0,1
org.jfree.chart.swing.editor.LCBLayout,0,0,0,7,18,0,1
org.jfree.chart.swing.editor.PaintSample,0,0,0,5,18,0,1
org.jfree.chart.swing.editor.StrokeChooserPanel,0,2,2,2,17,1,1
org.jfree.chart.swing.editor.StrokeSample,0,0,0,3,18,0,1
org.jfree.chart.text.AttributedStringUtils,0,0,0,2,540,0,2
org.jfree.chart.text.G2TextMeasurer,0,2,14,4,537,1,4
org.jfree.chart.text.TextAnchor,0,0,0,51,559,0,15
org.jfree.chart.text.TextBlock,3,7,13,10,547,4,6
org.jfree.chart.text.TextBlockAnchor,0,0,0,12,550,0,5
org.jfree.chart.text.TextBox,0,6,17,3,52,4,1
org.jfree.chart.text.TextFragment,3,5,13,3,547,3,2
org.jfree.chart.text.TextLine,3,4,13,4,547,3,2
org.jfree.chart.text.TextUtils,3,6,13,33,547,2,13
org.jfree.chart.text.format.HMSNumberFormat,0,0,0,1,1,0,1
org.jfree.chart.text.format.HexNumberFormat,0,0,0,0,0,0,0
org.jfree.chart.text.format.LogFormat,0,1,1,1,1,1,1
org.jfree.chart.text.format.RelativeDateFormat,0,1,1,1,1,1,1
org.jfree.chart.title.CompositeTitle,0,11,110,2,44,5,2
org.jfree.chart.title.DateTitle,0,6,110,1,1,2,1
org.jfree.chart.title.ImageTitle,0,9,110,0,0,4,0
org.jfree.chart.title.ShortTextTitle,0,8,110,1,1,4,1
org.jfree.chart.title.TextTitle,26,24,109,14,536,8,5
org.jfree.chart.title.Title,26,12,109,19,536,5,8
org.jfree.chart.urls.CustomCategoryURLGenerator,0,3,8,1,1,3,1
org.jfree.chart.urls.CustomPieURLGenerator,0,3,8,2,2,3,2
org.jfree.chart.urls.CustomXYURLGenerator,0,3,8,1,1,3,1
org.jfree.chart.urls.StandardCategoryURLGenerator,0,4,8,11,44,4,4
org.jfree.chart.urls.StandardPieURLGenerator,0,3,8,3,42,3,3
org.jfree.chart.urls.StandardXYURLGenerator,0,3,8,4,44,3,3
org.jfree.chart.urls.StandardXYZURLGenerator,0,3,11,1,41,2,1
org.jfree.chart.urls.TimeSeriesURLGenerator,0,4,8,2,2,4,2
org.jfree.chart.util.AttrStringUtils,0,2,2,3,537,2,1
org.jfree.chart.util.DefaultShadowGenerator,0,3,3,4,43,2,3
org.jfree.chart.util.DirectionalGradientPaintTransformer,0,1,1,0,0,1,0
org.jfree.chart.util.ExportUtils,0,2,2,0,0,2,0
org.jfree.chart.util.GradientPaintTransformType,0,0,0,10,542,0,7
org.jfree.chart.util.PaintAlpha,0,1,1,0,0,0,0
org.jfree.chart.util.StandardGradientPaintTransformer,0,3,3,16,541,2,6
org.jfree.chart.util.StringUtils,0,0,0,2,17,0,1
org.jfree.data.ComparableObjectItem,0,1,1,15,37,1,3
org.jfree.data.ComparableObjectSeries,0,5,9,17,25,3,3
org.jfree.data.DataUtils,0,6,14,7,73,2,5
org.jfree.data.DefaultKeyedValue,0,3,4,3,290,3,2
org.jfree.data.DefaultKeyedValues,0,10,12,6,286,3,4
org.jfree.data.DefaultKeyedValues2D,0,7,16,6,260,3,5
org.jfree.data.DomainOrder,0,0,0,13,338,0,7
org.jfree.data.KeyToGroupMap,0,2,2,5,235,2,3
org.jfree.data.KeyedObject,0,1,1,2,17,1,1
org.jfree.data.KeyedObjects,0,4,4,2,15,3,1
org.jfree.data.KeyedObjects2D,0,3,5,5,13,2,3
org.jfree.data.KeyedValueComparator,0,5,5,1,287,3,1
org.jfree.data.KeyedValueComparatorType,0,0,0,2,288,0,1
org.jfree.data.KeyedValues2DItemKey,0,2,2,2,94,2,1
org.jfree.data.KeyedValuesItemKey,0,2,2,0,0,2,0
org.jfree.data.Range,0,1,1,138,588,1,15
org.jfree.data.RangeType,0,0,0,3,102,0,2
org.jfree.data.UnknownKeyException,0,0,0,20,300,0,5
org.jfree.data.category.CategoryToPieDataset,0,12,13,2,45,5,2
org.jfree.data.category.DefaultCategoryDataset,0,6,22,35,252,4,12
org.jfree.data.category.DefaultIntervalCategoryDataset,0,7,26,3,3,4,3
org.jfree.data.category.SlidingCategoryDataset,0,6,10,1,1,4,1
org.jfree.data.flow.DefaultFlowDataset,0,7,11,1,1,4,1
org.jfree.data.flow.FlowDatasetUtils,0,4,8,1,2,2,1
org.jfree.data.flow.FlowKey,0,2,2,9,12,2,4
org.jfree.data.flow.NodeKey,0,2,2,7,11,2,3
org.jfree.data.function.LineFunction2D,0,2,2,2,2,2,2
org.jfree.data.function.NormalDistributionFunction2D,0,2,2,1,1,2,1
org.jfree.data.function.PolynomialFunction2D,0,4,4,1,1,2,1
org.jfree.data.function.PowerFunction2D,0,2,2,1,1,2,1
org.jfree.data.gantt.SlidingGanttCategoryDataset,0,7,12,1,1,5,1
org.jfree.data.gantt.Task,0,4,4,9,9,3,2
org.jfree.data.gantt.TaskSeries,0,4,10,7,7,3,2
org.jfree.data.gantt.TaskSeriesCollection,0,11,22,5,5,5,2
org.jfree.data.gantt.XYTaskDataset,0,10,27,1,1,5,1
org.jfree.data.general.AbstractDataset,0,4,4,51,342,1,10
org.jfree.data.general.AbstractSeriesDataset,0,4,8,7,287,1,4
org.jfree.data.general.DatasetChangeEvent,2,1,2,33,697,1,11
org.jfree.data.general.DatasetUtils,2,34,59,29,233,7,9
org.jfree.data.general.DefaultHeatMapDataset,0,4,20,1,1,3,1
org.jfree.data.general.DefaultKeyedValueDataset,0,6,11,1,1,2,1
org.jfree.data.general.DefaultKeyedValues2DDataset,0,2,24,1,1,2,1
org.jfree.data.general.DefaultKeyedValuesDataset,0,2,21,1,1,1,1
org.jfree.data.general.DefaultPieDataset,0,9,19,16,250,4,8
org.jfree.data.general.DefaultValueDataset,0,5,8,5,49,3,3
org.jfree.data.general.HeatMapUtils,0,6,62,0,0,4,0
org.jfree.data.general.Series,0,4,4,32,282,2,5
org.jfree.data.general.SeriesChangeEvent,0,0,0,14,315,0,5
org.jfree.data.general.SeriesException,0,0,0,7,270,0,4
org.jfree.data.general.WaferMapDataset,0,2,21,3,43,2,3
org.jfree.data.io.CSV,0,2,23,0,0,1,0
org.jfree.data.json.JSONUtils,0,4,10,0,0,3,0
org.jfree.data.json.impl.JSONArray,2,3,4,1,3,1,1
org.jfree.data.json.impl.JSONObject,2,3,4,1,3,1,1
org.jfree.data.json.impl.JSONValue,2,4,4,3,3,1,2
org.jfree.data.resources.DataPackageResources,0,0,0,0,0,0,0
org.jfree.data.resources.DataPackageResources_de,0,0,0,0,0,0,0
org.jfree.data.resources.DataPackageResources_es,0,0,0,0,0,0,0
org.jfree.data.resources.DataPackageResources_fr,0,0,0,0,0,0,0
org.jfree.data.resources.DataPackageResources_pl,0,0,0,0,0,0,0
org.jfree.data.resources.DataPackageResources_ru,0,0,0,0,0,0,0
org.jfree.data.statistics.BoxAndWhiskerCalculator,0,3,4,2,4,2,1
org.jfree.data.statistics.BoxAndWhiskerItem,0,0,0,10,10,0,4
org.jfree.data.statistics.DefaultBoxAndWhiskerCategoryDataset,0,8,20,2,2,4,2
org.jfree.data.statistics.DefaultBoxAndWhiskerXYDataset,0,6,17,3,3,4,3
org.jfree.data.statistics.DefaultMultiValueCategoryDataset,0,7,17,3,3,5,3
org.jfree.data.statistics.DefaultStatisticalCategoryDataset,0,8,19,4,4,5,3
org.jfree.data.statistics.HistogramBin,0,0,0,2,3,0,1
org.jfree.data.statistics.HistogramDataset,0,8,18,1,1,5,1
org.jfree.data.statistics.HistogramType,0,0,0,1,2,0,1
org.jfree.data.statistics.MeanAndStandardDeviation,0,0,0,2,6,0,1
org.jfree.data.statistics.Regression,0,3,8,1,1,2,1
org.jfree.data.statistics.SimpleHistogramBin,0,1,1,3,3,1,1
org.jfree.data.statistics.SimpleHistogramDataset,0,10,18,1,1,6,1
org.jfree.data.statistics.Statistics,0,2,2,2,6,1,1
org.jfree.data.time.DateRange,0,1,2,4,46,1,2
org.jfree.data.time.Day,8,3,16,24,96,3,5
org.jfree.data.time.DynamicTimeSeriesCollection,1,14,34,1,1,4,1
org.jfree.data.time.DynamicTimeSeriesCollection.ValueSequence,1,1,34,1,1,1,1
org.jfree.data.time.FixedMillisecond,0,1,17,2,2,1,1
org.jfree.data.time.Hour,8,3,16,9,96,2,2
org.jfree.data.time.Millisecond,8,5,16,4,96,2,2
org.jfree.data.time.Minute,8,4,16,9,96,2,2
org.jfree.data.time.Month,8,5,16,8,96,2,2
org.jfree.data.time.MovingAverage,0,10,78,1,1,4,1
org.jfree.data.time.Quarter,8,5,16,3,96,2,2
org.jfree.data.time.RegularTimePeriod,8,11,16,39,96,2,6
org.jfree.data.time.Second,8,5,16,7,96,2,2
org.jfree.data.time.SimpleTimePeriod,0,1,1,7,13,1,3
org.jfree.data.time.TimePeriodAnchor,0,0,0,11,99,0,2
org.jfree.data.time.TimePeriodFormatException,0,0,0,7,97,0,1
org.jfree.data.time.TimePeriodValue,0,2,2,4,5,2,1
org.jfree.data.time.TimePeriodValues,0,5,8,3,3,3,1
org.jfree.data.time.TimePeriodValuesCollection,0,11,23,1,1,5,1
org.jfree.data.time.TimeSeries,0,8,25,9,11,4,4
org.jfree.data.time.TimeSeriesCollection,0,16,40,6,8,5,5
org.jfree.data.time.TimeSeriesDataItem,0,2,17,4,13,2,1
org.jfree.data.time.TimeSeriesTableModel,0,5,26,0,0,2,0
org.jfree.data.time.TimeTableXYDataset,0,13,48,1,1,6,1
org.jfree.data.time.Week,0,4,17,1,1,2,1
org.jfree.data.time.Year,8,2,16,21,96,1,3
org.jfree.data.time.ohlc.OHLC,0,1,1,2,7,1,1
org.jfree.data.time.ohlc.OHLCItem,0,3,20,3,5,3,1
org.jfree.data.time.ohlc.OHLCSeries,0,5,28,3,3,4,1
org.jfree.data.time.ohlc.OHLCSeriesCollection,0,13,39,1,1,6,1
org.jfree.data.xml.CategoryDatasetHandler,5,5,32,2,6,2,1
org.jfree.data.xml.CategorySeriesHandler,5,5,32,2,6,2,1
org.jfree.data.xml.DatasetReader,0,5,33,0,0,4,0
org.jfree.data.xml.ItemHandler,5,6,32,4,6,1,1
org.jfree.data.xml.KeyHandler,5,4,32,1,6,1,1
org.jfree.data.xml.PieDatasetHandler,5,5,32,2,6,2,1
org.jfree.data.xml.RootHandler,0,1,1,6,7,1,1
org.jfree.data.xml.ValueHandler,5,3,32,2,6,1,1
org.jfree.data.xy.AbstractIntervalXYDataset,0,2,13,17,258,1,3
org.jfree.data.xy.AbstractXYDataset,0,3,11,14,281,3,5
org.jfree.data.xy.AbstractXYZDataset,0,2,13,2,7,1,1
org.jfree.data.xy.CategoryTableXYDataset,0,10,60,1,1,4,1
org.jfree.data.xy.DefaultHighLowDataset,0,5,15,1,1,3,1
org.jfree.data.xy.DefaultIntervalXYDataset,0,7,16,4,4,4,3
org.jfree.data.xy.DefaultOHLCDataset,0,6,16,3,3,3,2
org.jfree.data.xy.DefaultTableXYDataset,0,14,60,12,15,5,4
org.jfree.data.xy.DefaultWindDataset,0,6,16,1,1,3,1
org.jfree.data.xy.DefaultXYDataset,0,8,14,9,9,5,6
org.jfree.data.xy.DefaultXYZDataset,0,8,16,4,4,5,2
org.jfree.data.xy.IntervalXYDelegate,2,10,59,4,233,5,1
org.jfree.data.xy.MatrixSeries,0,2,5,4,4,1,1
org.jfree.data.xy.MatrixSeriesCollection,0,8,19,1,1,4,1
org.jfree.data.xy.NormalizedMatrixSeries,0,1,6,0,0,1,0
org.jfree.data.xy.OHLCDataItem,0,1,1,5,5,1,2
org.jfree.data.xy.Vector,0,0,0,4,10,0,1
org.jfree.data.xy.VectorDataItem,0,3,4,3,5,2,1
org.jfree.data.xy.VectorSeries,0,4,13,3,3,3,1
org.jfree.data.xy.VectorSeriesCollection,0,11,24,1,1,5,1
org.jfree.data.xy.WindDataItem,0,0,0,1,2,0,1
org.jfree.data.xy.XIntervalDataItem,0,2,3,3,5,2,1
org.jfree.data.xy.XIntervalSeries,0,3,12,3,3,2,1
org.jfree.data.xy.XIntervalSeriesCollection,0,10,24,1,1,5,1
org.jfree.data.xy.XYBarDataset,0,9,15,3,3,3,3
org.jfree.data.xy.XYCoordinate,0,0,0,3,7,0,1
org.jfree.data.xy.XYDataItem,0,1,1,3,237,1,1
org.jfree.data.xy.XYDatasetTableModel,0,6,7,0,0,2,0
org.jfree.data.xy.XYInterval,0,0,0,2,9,0,1
org.jfree.data.xy.XYIntervalDataItem,0,2,3,2,7,2,1
org.jfree.data.xy.XYIntervalSeries,0,3,12,5,5,2,3
org.jfree.data.xy.XYIntervalSeriesCollection,0,9,24,3,3,5,3
org.jfree.data.xy.XYItemKey,0,2,2,1,133,2,1
org.jfree.data.xy.XYSeries,0,5,9,45,235,3,11
org.jfree.data.xy.XYSeriesCollection,2,15,59,35,233,5,10
org.jfree.data.xy.YInterval,0,0,0,2,9,0,1
org.jfree.data.xy.YIntervalDataItem,0,2,3,2,7,2,1
org.jfree.data.xy.YIntervalSeries,0,3,12,5,5,2,3
org.jfree.data.xy.YIntervalSeriesCollection,0,9,24,3,3,5,3
org.jfree.data.xy.YWithXInterval,0,0,0,2,7,0,1