Class,Jm,CBO,LCOM,NOC,RFC,WMC,CLOC/LOC,JTA
org.jfree.chart.ChartColor,100.00%,1,1,0,3,2,0.396396396,0
org.jfree.chart.ChartFactory,100.00%,121,1,0,176,131,0.479035037,0
org.jfree.chart.ChartHints,0.00%,3,0,0,2,1,0.727272727,0
org.jfree.chart.ChartHints.Key,100.00%,1,1,0,5,5,0.5,0
org.jfree.chart.ChartRenderingInfo,92.31%,41,1,0,28,21,0.538043478,0
org.jfree.chart.ChartTransferable,100.00%,2,1,0,18,13,0.50802139,0
org.jfree.chart.ChartUtils,100.00%,14,9,0,58,32,0.62478185,0
org.jfree.chart.JFreeChart,97.26%,120,1,0,194,157,0.486795146,0
org.jfree.chart.StandardChartTheme,98.92%,57,4,1,238,200,0.427925016,0
org.jfree.chart.annotations.AbstractAnnotation,100.00%,20,1,3,22,15,0.625,0
org.jfree.chart.annotations.AbstractXYAnnotation,100.00%,18,4,9,16,16,0.524822695,0
org.jfree.chart.annotations.CategoryLineAnnotation,100.00%,19,1,0,50,29,0.477203647,0
org.jfree.chart.annotations.CategoryPointerAnnotation,100.00%,18,1,0,69,35,0.497607656,0
org.jfree.chart.annotations.CategoryTextAnnotation,100.00%,21,1,1,41,19,0.451282051,0
org.jfree.chart.annotations.TextAnnotation,100.00%,9,6,1,32,25,0.536121673,0
org.jfree.chart.annotations.XYBoxAnnotation,100.00%,13,1,0,44,30,0.459649123,0
org.jfree.chart.annotations.XYDataImageAnnotation,100.00%,13,2,0,38,28,0.5,0
org.jfree.chart.annotations.XYDrawableAnnotation,100.00%,12,1,0,33,21,0.422727273,0
org.jfree.chart.annotations.XYImageAnnotation,100.00%,12,1,0,39,22,0.472222222,0
org.jfree.chart.annotations.XYLineAnnotation,100.00%,15,1,0,44,27,0.42804428,0
org.jfree.chart.annotations.XYPointerAnnotation,100.00%,15,1,0,77,37,0.479166667,0
org.jfree.chart.annotations.XYPolygonAnnotation,100.00%,15,1,0,49,29,0.440613027,0
org.jfree.chart.annotations.XYShapeAnnotation,100.00%,14,1,0,48,21,0.398104265,0
org.jfree.chart.annotations.XYTextAnnotation,100.00%,23,1,1,71,49,0.510556622,0
org.jfree.chart.annotations.XYTitleAnnotation,100.00%,25,1,0,56,36,0.372483221,0
org.jfree.chart.api.HorizontalAlignment,0.00%,12,2,n/a,2,0,0.583333333,0
org.jfree.chart.api.Layer,0.00%,8,2,n/a,2,0,0.555555556,0
org.jfree.chart.api.LengthAdjustmentType,0.00%,8,2,n/a,2,0,0.583333333,0
org.jfree.chart.api.RectangleAlignment,33.33%,6,3,n/a,14,14,0.214285714,0
org.jfree.chart.api.RectangleAnchor,50.00%,29,3,n/a,16,22,0.25,0
org.jfree.chart.api.RectangleEdge,66.67%,100,3,n/a,10,14,0.487179487,0
org.jfree.chart.api.RectangleInsets,100.00%,65,1,0,38,57,0.466814159,0
org.jfree.chart.api.Rotation,50.00%,5,3,n/a,4,2,0.65625,0
org.jfree.chart.api.SortOrder,0.00%,9,2,n/a,2,0,0.555555556,0
org.jfree.chart.api.TableOrder,0.00%,7,2,n/a,2,0,0.555555556,0
org.jfree.chart.api.UnitType,0.00%,7,2,n/a,2,0,0.555555556,0
org.jfree.chart.api.VerticalAlignment,0.00%,12,2,n/a,2,0,0.583333333,0
org.jfree.chart.api.XYCoordinateType,0.00%,1,2,n/a,2,0,0.705882353,0
org.jfree.chart.axis.Axis,100.00%,60,7,2,160,153,0.487302677,0
org.jfree.chart.axis.AxisCollection,100.00%,5,1,0,9,11,0.494252874,0
org.jfree.chart.axis.AxisLabelLocation,0.00%,2,2,n/a,2,0,0.545454545,0
org.jfree.chart.axis.AxisLocation,50.00%,14,3,n/a,6,7,0.454545455,0
org.jfree.chart.axis.AxisSpace,100.00%,19,1,0,34,43,0.392026578,0
org.jfree.chart.axis.AxisState,100.00%,24,3,0,16,18,0.548148148,0
org.jfree.chart.axis.CategoryAnchor,0.00%,7,2,n/a,2,0,0.583333333,0
org.jfree.chart.axis.CategoryAxis,100.00%,76,4,2,169,134,0.436734694,0
org.jfree.chart.axis.CategoryLabelPosition,100.00%,9,6,0,15,20,0.505319149,0
org.jfree.chart.axis.CategoryLabelPositions,100.00%,10,2,0,18,21,0.413580247,0
org.jfree.chart.axis.CategoryLabelWidthType,0.00%,5,2,n/a,2,0,0.555555556,0
org.jfree.chart.axis.CategoryTick,100.00%,6,3,0,12,11,0.456521739,0
org.jfree.chart.axis.CompassFormat,100.00%,2,2,0,12,9,0.565656566,0
org.jfree.chart.axis.CyclicNumberAxis,100.00%,23,3,0,105,120,0.356548857,0
org.jfree.chart.axis.CyclicNumberAxis.CycleBoundTick,100.00%,3,0,0,2,1,0.653846154,0
org.jfree.chart.axis.DateAxis,100.00%,30,1,1,168,153,0.334902488,0
org.jfree.chart.axis.DateAxis.DefaultTimeline,100.00%,2,7,0,9,11,0.609090909,0
org.jfree.chart.axis.DateTick,100.00%,7,1,0,11,8,0.53164557,0
org.jfree.chart.axis.DateTickMarkPosition,0.00%,3,2,n/a,2,0,0.583333333,0
org.jfree.chart.axis.DateTickUnit,100.00%,7,4,0,35,32,0.518248175,0
org.jfree.chart.axis.DateTickUnitType,50.00%,4,3,n/a,4,2,0.567567568,0
org.jfree.chart.axis.ExtendedCategoryAxis,100.00%,11,1,0,35,20,0.502824859,0
org.jfree.chart.axis.LogAxis,95.00%,22,1,0,129,97,0.406181015,0
org.jfree.chart.axis.LogTick,100.00%,5,1,0,3,2,0.633333333,0
org.jfree.chart.axis.LogarithmicAxis,100.00%,13,1,1,70,114,0.463414634,0
org.jfree.chart.axis.MarkerAxisBand,100.00%,8,1,0,43,18,0.338709677,0
org.jfree.chart.axis.ModuloAxis,100.00%,7,1,0,38,40,0.424581006,0
org.jfree.chart.axis.MonthDateFormat,100.00%,2,2,0,28,19,0.535911602,0
org.jfree.chart.axis.NumberAxis,100.00%,76,9,4,123,112,0.408290155,0
org.jfree.chart.axis.NumberTick,100.00%,11,1,1,6,3,0.638297872,0
org.jfree.chart.axis.NumberTickUnit,100.00%,17,1,0,17,12,0.49,0
org.jfree.chart.axis.NumberTickUnitSource,25.00%,5,1,0,24,39,0.126436782,0
org.jfree.chart.axis.PeriodAxis,100.00%,24,1,0,155,115,0.384765625,0
org.jfree.chart.axis.PeriodAxisLabelInfo,100.00%,8,8,0,36,26,0.477443609,0
org.jfree.chart.axis.QuarterDateFormat,100.00%,2,2,0,17,12,0.469230769,0
org.jfree.chart.axis.StandardTickUnitSource,100.00%,4,1,0,13,7,0.555555556,0
org.jfree.chart.axis.SubCategoryAxis,100.00%,17,1,0,69,40,0.377906977,0
org.jfree.chart.axis.SymbolAxis,100.00%,20,2,0,87,69,0.366720517,0
org.jfree.chart.axis.Tick,100.00%,15,4,2,11,14,0.487179487,0
org.jfree.chart.axis.TickType,0.00%,12,2,n/a,2,0,0.555555556,0
org.jfree.chart.axis.TickUnit,100.00%,15,3,2,10,16,0.523076923,0
org.jfree.chart.axis.TickUnits,100.00%,5,1,0,22,14,0.511111111,0
org.jfree.chart.axis.ValueAxis,100.00%,137,7,4,163,163,0.490424077,0
org.jfree.chart.axis.ValueTick,100.00%,15,2,3,8,9,0.534883721,0
org.jfree.chart.block.AbstractBlock,92.11%,30,3,6,77,55,0.542910448,0
org.jfree.chart.block.BlockBorder,100.00%,9,1,0,31,19,0.469879518,0
org.jfree.chart.block.BlockContainer,93.33%,25,1,1,48,26,0.449275362,0
org.jfree.chart.block.BlockParams,100.00%,3,3,0,7,7,0.658823529,0
org.jfree.chart.block.BlockResult,100.00%,7,1,0,3,3,0.580645161,0
org.jfree.chart.block.BorderArrangement,100.00%,12,1,0,40,71,0.202558635,0
org.jfree.chart.block.CenterArrangement,100.00%,8,3,0,33,31,0.484615385,0
org.jfree.chart.block.ColorBlock,100.00%,8,2,0,31,12,0.527131783,0
org.jfree.chart.block.ColumnArrangement,100.00%,12,3,0,38,42,0.367412141,0
org.jfree.chart.block.EmptyBlock,100.00%,10,2,0,16,5,0.605633803,0
org.jfree.chart.block.FlowArrangement,100.00%,12,3,0,40,46,0.388586957,0
org.jfree.chart.block.GridArrangement,100.00%,8,3,0,38,51,0.355978261,0
org.jfree.chart.block.LabelBlock,100.00%,19,1,0,59,34,0.518404908,0
org.jfree.chart.block.LengthConstraintType,0.00%,14,2,n/a,2,0,0.545454545,0
org.jfree.chart.block.LineBorder,100.00%,6,1,0,36,19,0.378881988,0
org.jfree.chart.block.RectangleConstraint,100.00%,28,1,0,24,33,0.482269504,0
org.jfree.chart.block.Size2D,100.00%,33,2,0,12,14,0.529411765,0
org.jfree.chart.date.SerialDate,100.00%,8,16,1,65,78,0.571779141,0
org.jfree.chart.date.SpreadsheetDate,100.00%,2,3,0,30,34,0.53133515,0
org.jfree.chart.encoders.EncoderUtil,100.00%,3,8,0,14,8,0.634328358,0
org.jfree.chart.encoders.ImageEncoderFactory,100.00%,2,1,0,17,8,0.489583333,0
org.jfree.chart.encoders.SunJPEGEncoderAdapter,100.00%,2,3,0,23,8,0.568807339,0
org.jfree.chart.encoders.SunPNGEncoderAdapter,100.00%,3,5,0,10,6,0.613333333,0
org.jfree.chart.entity.AxisEntity,100.00%,5,1,0,28,16,0.52739726,0
org.jfree.chart.entity.CategoryItemEntity,100.00%,6,3,0,14,14,0.556390977,0
org.jfree.chart.entity.CategoryLabelEntity,100.00%,5,1,0,16,8,0.480519481,0
org.jfree.chart.entity.ChartEntity,100.00%,36,1,12,45,37,0.479623824,0
org.jfree.chart.entity.FlowEntity,80.00%,5,1,0,10,7,0.492063492,0
org.jfree.chart.entity.JFreeChartEntity,100.00%,5,1,0,28,16,0.524137931,0
org.jfree.chart.entity.LegendItemEntity,100.00%,4,2,0,12,13,0.552631579,0
org.jfree.chart.entity.NodeEntity,100.00%,4,1,0,7,4,0.625,0
org.jfree.chart.entity.PieSectionEntity,100.00%,7,4,0,18,18,0.556213018,0
org.jfree.chart.entity.PlotEntity,100.00%,5,1,0,28,16,0.524137931,0
org.jfree.chart.entity.StandardEntityCollection,91.67%,13,1,0,29,17,0.475862069,0
org.jfree.chart.entity.TickLabelEntity,100.00%,3,0,1,2,1,0.631578947,0
org.jfree.chart.entity.TitleEntity,100.00%,7,1,0,28,16,0.524137931,0
org.jfree.chart.entity.XYAnnotationEntity,100.00%,2,1,0,6,8,0.492063492,0
org.jfree.chart.entity.XYItemEntity,100.00%,9,3,0,11,13,0.535087719,0
org.jfree.chart.event.AnnotationChangeEvent,100.00%,10,1,0,4,2,0.607142857,0
org.jfree.chart.event.AxisChangeEvent,100.00%,10,1,0,3,2,0.64,0
org.jfree.chart.event.ChartChangeEvent,100.00%,35,2,7,9,7,0.605263158,0
org.jfree.chart.event.ChartChangeEventType,0.00%,4,2,n/a,2,0,0.545454545,0
org.jfree.chart.event.ChartProgressEvent,100.00%,5,3,0,9,7,0.584415584,0
org.jfree.chart.event.ChartProgressEventType,0.00%,2,2,n/a,2,0,0.555555556,0
org.jfree.chart.event.MarkerChangeEvent,100.00%,11,1,0,3,2,0.653846154,0
org.jfree.chart.event.PlotChangeEvent,100.00%,14,1,0,3,2,0.62962963,0
org.jfree.chart.event.RendererChangeEvent,100.00%,12,2,0,5,4,0.647058824,0
org.jfree.chart.event.TitleChangeEvent,100.00%,9,1,0,3,2,0.583333333,0
org.jfree.chart.imagemap.DynamicDriveToolTipTagFragmentGenerator,100.00%,2,1,0,5,3,0.558139535,0
org.jfree.chart.imagemap.ImageMapUtils,100.00%,13,2,0,25,23,0.41025641,0
org.jfree.chart.imagemap.OverLIBToolTipTagFragmentGenerator,100.00%,5,1,0,4,2,0.538461538,0
org.jfree.chart.imagemap.StandardToolTipTagFragmentGenerator,100.00%,5,1,0,4,2,0.541666667,0
org.jfree.chart.imagemap.StandardURLTagFragmentGenerator,100.00%,5,1,0,3,2,0.583333333,0
org.jfree.chart.internal.Args,100.00%,239,5,0,7,10,0.576923077,0
org.jfree.chart.internal.ArrayUtils,100.00%,3,1,0,11,31,0.315789474,0
org.jfree.chart.internal.CloneUtils,100.00%,244,1,0,19,13,0.384615385,0
org.jfree.chart.internal.HashUtils,100.00%,55,2,0,19,19,0.60130719,0
org.jfree.chart.internal.LineUtils,100.00%,6,2,0,15,15,0.292035398,0
org.jfree.chart.internal.PaintUtils,100.00%,69,3,0,45,20,0.318471338,0
org.jfree.chart.internal.SerialUtils,100.00%,96,10,0,99,71,0.325217391,0
org.jfree.chart.internal.ShapeUtils,100.00%,31,16,0,72,46,0.431767338,0
org.jfree.chart.labels.AbstractCategoryItemLabelGenerator,100.00%,13,3,2,31,24,0.483333333,0
org.jfree.chart.labels.AbstractPieItemLabelGenerator,100.00%,9,1,2,23,20,0.441176471,0
org.jfree.chart.labels.AbstractXYItemLabelGenerator,100.00%,12,1,5,36,31,0.462962963,0
org.jfree.chart.labels.BoxAndWhiskerToolTipGenerator,100.00%,10,1,0,17,7,0.505494505,0
org.jfree.chart.labels.BoxAndWhiskerXYToolTipGenerator,100.00%,8,1,0,24,8,0.505050505,0
org.jfree.chart.labels.BubbleXYItemLabelGenerator,100.00%,9,1,0,31,19,0.471794872,0
org.jfree.chart.labels.CustomXYToolTipGenerator,100.00%,4,1,0,16,18,0.4453125,0
org.jfree.chart.labels.HighLowItemLabelGenerator,100.00%,10,2,0,31,21,0.376623377,0
org.jfree.chart.labels.IntervalCategoryItemLabelGenerator,100.00%,10,1,0,16,9,0.4125,0
org.jfree.chart.labels.IntervalCategoryToolTipGenerator,83.33%,8,1,0,20,13,0.415841584,0
org.jfree.chart.labels.IntervalXYItemLabelGenerator,90.00%,7,2,0,39,21,0.413793103,0
org.jfree.chart.labels.IntervalXYToolTipGenerator,90.00%,6,2,0,39,21,0.422110553,0
org.jfree.chart.labels.ItemLabelAnchor,0.00%,10,2,n/a,2,0,0.517857143,0
org.jfree.chart.labels.ItemLabelPosition,88.89%,18,4,0,13,15,0.453846154,0
org.jfree.chart.labels.MultipleXYSeriesLabelGenerator,100.00%,7,1,0,30,19,0.391566265,0
org.jfree.chart.labels.StandardCategoryItemLabelGenerator,85.71%,12,1,1,13,9,0.554347826,0
org.jfree.chart.labels.StandardCategorySeriesLabelGenerator,100.00%,9,1,0,14,10,0.509803922,0
org.jfree.chart.labels.StandardCategoryToolTipGenerator,83.33%,21,1,2,11,8,0.518987342,0
org.jfree.chart.labels.StandardCrosshairLabelGenerator,100.00%,4,1,0,16,11,0.46875,0
org.jfree.chart.labels.StandardFlowLabelGenerator,80.00%,7,1,0,16,7,0.452054795,0
org.jfree.chart.labels.StandardPieSectionLabelGenerator,91.67%,9,2,0,28,15,0.604395604,0
org.jfree.chart.labels.StandardPieToolTipGenerator,100.00%,7,1,0,13,7,0.643678161,0
org.jfree.chart.labels.StandardXYItemLabelGenerator,90.00%,7,1,0,19,12,0.606060606,0
org.jfree.chart.labels.StandardXYSeriesLabelGenerator,100.00%,10,1,0,14,10,0.532110092,0
org.jfree.chart.labels.StandardXYToolTipGenerator,90.00%,19,2,2,20,12,0.601503759,0
org.jfree.chart.labels.StandardXYZToolTipGenerator,90.00%,9,1,0,30,18,0.465240642,0
org.jfree.chart.labels.SymbolicXYItemLabelGenerator,100.00%,11,2,0,18,12,0.464285714,0
org.jfree.chart.legend.LegendGraphic,100.00%,16,1,0,87,77,0.505617978,0
org.jfree.chart.legend.LegendItem,98.28%,62,24,0,89,87,0.54515778,0
org.jfree.chart.legend.LegendItemBlockContainer,100.00%,10,2,0,22,11,0.540983607,0
org.jfree.chart.legend.LegendItemCollection,88.89%,30,1,0,19,12,0.515151515,0
org.jfree.chart.legend.LegendRenderingOrder,0.00%,0,2,n/a,2,0,0.555555556,0
org.jfree.chart.legend.LegendTitle,97.14%,38,2,0,124,64,0.431192661,0
org.jfree.chart.legend.PaintScaleLegend,100.00%,25,1,0,101,70,0.394648829,0
org.jfree.chart.plot.CategoryCrosshairState,100.00%,5,1,0,15,13,0.487394958,0
org.jfree.chart.plot.CategoryMarker,100.00%,10,2,0,18,15,0.542635659,0
org.jfree.chart.plot.CategoryPlot,99.11%,113,13,2,451,597,0.469082673,0
org.jfree.chart.plot.CenterTextMode,0.00%,2,2,n/a,2,0,0.545454545,0
org.jfree.chart.plot.CombinedDomainCategoryPlot,100.00%,21,3,0,117,72,0.396396396,0
org.jfree.chart.plot.CombinedDomainXYPlot,100.00%,25,3,0,122,86,0.415335463,0
org.jfree.chart.plot.CombinedRangeCategoryPlot,100.00%,22,2,0,102,62,0.381578947,0
org.jfree.chart.plot.CombinedRangeXYPlot,100.00%,23,3,0,118,79,0.40651801,0
org.jfree.chart.plot.Crosshair,100.00%,11,1,0,67,57,0.553398058,0
org.jfree.chart.plot.CrosshairState,100.00%,35,1,2,22,27,0.6271777,0
org.jfree.chart.plot.DatasetRenderingOrder,0.00%,3,2,n/a,2,0,0.764705882,0
org.jfree.chart.plot.DefaultDrawingSupplier,100.00%,12,2,0,35,44,0.370731707,0
org.jfree.chart.plot.DialShape,0.00%,2,2,n/a,2,0,0.583333333,0
org.jfree.chart.plot.FastScatterPlot,100.00%,25,5,0,119,98,0.476769912,0
org.jfree.chart.plot.IntervalMarker,100.00%,10,3,0,19,17,0.526315789,0
org.jfree.chart.plot.Marker,100.00%,27,2,3,63,57,0.549450549,0
org.jfree.chart.plot.MeterInterval,100.00%,8,5,0,22,17,0.496644295,0
org.jfree.chart.plot.MeterPlot,100.00%,21,3,0,142,117,0.443317972,0
org.jfree.chart.plot.Plot,100.00%,102,8,13,136,154,0.511856092,0
org.jfree.chart.plot.PlotOrientation,50.00%,102,4,n/a,5,2,0.655172414,0
org.jfree.chart.plot.PlotRenderingInfo,93.33%,103,3,0,32,25,0.520930233,0
org.jfree.chart.plot.PlotState,100.00%,20,1,0,3,2,0.571428571,0
org.jfree.chart.plot.PolarAxisLocation,0.00%,1,2,n/a,2,0,0.523809524,0
org.jfree.chart.plot.PolarPlot,100.00%,44,13,0,218,221,0.467963387,0
org.jfree.chart.plot.RingPlot,100.00%,25,2,0,111,62,0.469244288,0
org.jfree.chart.plot.SeriesRenderingOrder,0.00%,1,2,n/a,2,0,0.75,0
org.jfree.chart.plot.SpiderWebPlot,100.00%,29,2,0,177,127,0.466282895,0
org.jfree.chart.plot.ThermometerPlot,100.00%,27,10,0,161,153,0.471104609,0
org.jfree.chart.plot.ValueMarker,100.00%,9,1,0,11,10,0.59375,0
org.jfree.chart.plot.WaferMapPlot,100.00%,15,4,0,52,33,0.362537764,0
org.jfree.chart.plot.XYCrosshairState,100.00%,1,0,0,1,1,0.636363636,0
org.jfree.chart.plot.XYPlot,98.31%,130,6,2,462,645,0.451665645,0
org.jfree.chart.plot.compass.ArrowNeedle,100.00%,5,1,1,26,12,0.378378378,0
org.jfree.chart.plot.compass.CompassPlot,100.00%,25,6,0,99,87,0.424328147,0
org.jfree.chart.plot.compass.LineNeedle,100.00%,4,1,0,19,7,0.492537313,0
org.jfree.chart.plot.compass.LongNeedle,100.00%,3,1,0,33,12,0.322033898,0
org.jfree.chart.plot.compass.MeterNeedle,100.00%,14,5,8,53,40,0.5,0
org.jfree.chart.plot.compass.MiddlePinNeedle,100.00%,3,1,0,24,9,0.397727273,0
org.jfree.chart.plot.compass.PinNeedle,100.00%,3,1,0,24,9,0.406976744,0
org.jfree.chart.plot.compass.PlumNeedle,100.00%,3,1,0,24,8,0.428571429,0
org.jfree.chart.plot.compass.PointerNeedle,100.00%,3,1,0,30,11,0.346938776,0
org.jfree.chart.plot.compass.ShipNeedle,100.00%,3,1,0,23,8,0.447368421,0
org.jfree.chart.plot.compass.WindNeedle,100.00%,4,1,0,15,8,0.426470588,0
org.jfree.chart.plot.dial.AbstractDialLayer,100.00%,27,1,9,22,15,0.56,0
org.jfree.chart.plot.dial.ArcDialFrame,100.00%,11,3,0,59,36,0.496350365,0
org.jfree.chart.plot.dial.DialBackground,100.00%,13,2,0,30,18,0.563157895,0
org.jfree.chart.plot.dial.DialCap,100.00%,12,2,0,43,23,0.549407115,0
org.jfree.chart.plot.dial.DialLayerChangeEvent,100.00%,17,1,0,3,2,0.6,0
org.jfree.chart.plot.dial.DialPlot,100.00%,27,6,0,91,80,0.494964029,0
org.jfree.chart.plot.dial.DialPointer,100.00%,9,3,2,15,14,0.558139535,0
org.jfree.chart.plot.dial.DialPointer.Pin,100.00%,10,1,0,42,15,0.49375,0
org.jfree.chart.plot.dial.DialPointer.Pointer,100.00%,10,1,0,48,18,0.444954128,0
org.jfree.chart.plot.dial.DialTextAnnotation,100.00%,12,2,0,48,29,0.543973941,0
org.jfree.chart.plot.dial.DialValueIndicator,100.00%,15,2,0,90,60,0.523961661,0
org.jfree.chart.plot.dial.StandardDialFrame,100.00%,11,2,0,47,24,0.514925373,0
org.jfree.chart.plot.dial.StandardDialRange,100.00%,11,2,0,44,34,0.514705882,0
org.jfree.chart.plot.dial.StandardDialScale,100.00%,12,2,0,82,81,0.541860465,0
org.jfree.chart.plot.flow.FlowPlot,100.00%,22,2,0,120,88,0.387426901,0
org.jfree.chart.plot.pie.AbstractPieLabelDistributor,100.00%,4,2,1,12,5,0.649122807,0
org.jfree.chart.plot.pie.MultiplePiePlot,100.00%,33,2,0,106,61,0.370741483,0
org.jfree.chart.plot.pie.PieLabelDistributor,100.00%,3,1,0,24,26,0.360248447,0
org.jfree.chart.plot.pie.PieLabelLinkStyle,0.00%,4,2,n/a,2,0,0.583333333,0
org.jfree.chart.plot.pie.PieLabelRecord,100.00%,5,7,0,19,29,0.48372093,0
org.jfree.chart.plot.pie.PiePlot,100.00%,50,2,1,320,293,0.468541301,0
org.jfree.chart.plot.pie.PiePlotState,100.00%,4,10,0,22,21,0.615,0
org.jfree.chart.renderer.AbstractRenderer,100.00%,94,5,4,219,310,0.557449963,0
org.jfree.chart.renderer.AreaRendererEndType,0.00%,3,2,n/a,2,0,0.705882353,0
org.jfree.chart.renderer.DefaultPolarItemRenderer,100.00%,29,1,0,132,88,0.415465269,0
org.jfree.chart.renderer.GrayPaintScale,100.00%,6,1,0,16,17,0.530864198,0
org.jfree.chart.renderer.LookupPaintScale,100.00%,12,1,0,28,28,0.429951691,0
org.jfree.chart.renderer.LookupPaintScale.PaintItem,100.00%,3,1,0,10,11,0.460674157,0
org.jfree.chart.renderer.NotOutlierException,100.00%,0,0,0,2,1,0.642857143,0
org.jfree.chart.renderer.Outlier,100.00%,5,1,0,15,17,0.546666667,0
org.jfree.chart.renderer.OutlierList,100.00%,4,2,0,18,11,0.612068966,0
org.jfree.chart.renderer.OutlierListCollection,100.00%,4,3,0,17,12,0.615384615,0
org.jfree.chart.renderer.RendererState,100.00%,32,2,3,7,7,0.578125,0
org.jfree.chart.renderer.RendererUtils,100.00%,5,1,0,10,32,0.283653846,0
org.jfree.chart.renderer.WaferMapRenderer,100.00%,8,1,0,46,45,0.375426621,0
org.jfree.chart.renderer.category.AbstractCategoryItemRenderer,100.00%,79,10,8,204,163,0.401656315,0
org.jfree.chart.renderer.category.AreaRenderer,100.00%,22,2,1,67,30,0.29218107,0
org.jfree.chart.renderer.category.BarRenderer,100.00%,50,7,5,162,134,0.430728242,0
org.jfree.chart.renderer.category.BoxAndWhiskerRenderer,100.00%,27,3,0,137,101,0.404072883,0
org.jfree.chart.renderer.category.CategoryItemRendererState,100.00%,25,4,1,13,16,0.591836735,0
org.jfree.chart.renderer.category.CategoryStepRenderer,100.00%,18,3,0,56,28,0.42,0
org.jfree.chart.renderer.category.CategoryStepRenderer.State,100.00%,3,0,0,3,1,0.65,0
org.jfree.chart.renderer.category.DefaultCategoryItemRenderer,100.00%,3,0,0,0,0,0.6,0
org.jfree.chart.renderer.category.GanttRenderer,100.00%,23,2,0,68,55,0.342052314,0
org.jfree.chart.renderer.category.GradientBarPainter,100.00%,9,1,0,34,31,0.30952381,0
org.jfree.chart.renderer.category.GroupedStackedBarRenderer,100.00%,23,1,0,56,32,0.283154122,0
org.jfree.chart.renderer.category.IntervalBarRenderer,100.00%,19,2,1,36,19,0.388235294,0
org.jfree.chart.renderer.category.LayeredBarRenderer,88.89%,17,2,0,67,55,0.297587131,0
org.jfree.chart.renderer.category.LevelRenderer,100.00%,18,1,0,69,35,0.422413793,0
org.jfree.chart.renderer.category.LineAndShapeRenderer,100.00%,27,2,2,100,80,0.5,0
org.jfree.chart.renderer.category.MinMaxCategoryRenderer,100.00%,16,2,0,54,47,0.441588785,0
org.jfree.chart.renderer.category.ScatterRenderer,100.00%,17,2,0,84,53,0.485169492,0
org.jfree.chart.renderer.category.StackedAreaRenderer,100.00%,18,2,0,46,40,0.308900524,0
org.jfree.chart.renderer.category.StackedBarRenderer,100.00%,25,2,1,57,37,0.322916667,0
org.jfree.chart.renderer.category.StandardBarPainter,100.00%,8,2,0,25,21,0.391025641,0
org.jfree.chart.renderer.category.StatisticalBarRenderer,100.00%,22,2,0,56,54,0.328159645,0
org.jfree.chart.renderer.category.StatisticalLineAndShapeRenderer,100.00%,21,2,0,71,45,0.336088154,0
org.jfree.chart.renderer.category.WaterfallBarRenderer,100.00%,24,2,0,64,41,0.364130435,0
org.jfree.chart.renderer.xy.AbstractXYItemRenderer,98.15%,85,11,18,209,169,0.359747546,0
org.jfree.chart.renderer.xy.CandlestickRenderer,100.00%,25,2,0,84,77,0.469959947,0
org.jfree.chart.renderer.xy.ClusteredXYBarRenderer,100.00%,21,2,0,53,33,0.345588235,0
org.jfree.chart.renderer.xy.CyclicXYItemRenderer,100.00%,12,1,0,18,36,0.272340426,0
org.jfree.chart.renderer.xy.CyclicXYItemRenderer.OverwriteDataSet,100.00%,6,5,0,16,15,0.581699346,0
org.jfree.chart.renderer.xy.DefaultXYItemRenderer,100.00%,2,0,0,0,0,0.6,0
org.jfree.chart.renderer.xy.DeviationRenderer,100.00%,20,4,1,51,28,0.465909091,0
org.jfree.chart.renderer.xy.DeviationRenderer.State,100.00%,4,0,0,3,1,0.64,0
org.jfree.chart.renderer.xy.DeviationStepRenderer,100.00%,17,1,0,48,31,0.316239316,0
org.jfree.chart.renderer.xy.GradientXYBarPainter,100.00%,9,1,0,33,31,0.307167235,0
org.jfree.chart.renderer.xy.HighLowRenderer,100.00%,21,2,0,53,48,0.440414508,0
org.jfree.chart.renderer.xy.SamplingXYLineRenderer,100.00%,16,2,0,43,20,0.41588785,0
org.jfree.chart.renderer.xy.SamplingXYLineRenderer.State,100.00%,4,1,0,5,2,0.629032258,0
org.jfree.chart.renderer.xy.StackedXYAreaRenderer,100.00%,24,4,0,86,55,0.415754923,0
org.jfree.chart.renderer.xy.StackedXYAreaRenderer.StackedXYAreaRendererState,100.00%,3,4,0,11,8,0.580246914,0
org.jfree.chart.renderer.xy.StackedXYAreaRenderer2,100.00%,21,2,0,47,44,0.30733945,0
org.jfree.chart.renderer.xy.StackedXYBarRenderer,100.00%,24,3,0,56,43,0.3625,0
org.jfree.chart.renderer.xy.StandardXYBarPainter,100.00%,8,2,0,24,21,0.391025641,0
org.jfree.chart.renderer.xy.StandardXYItemRenderer,100.00%,33,1,1,117,91,0.464146023,0
org.jfree.chart.renderer.xy.StandardXYItemRenderer.State,100.00%,3,2,0,6,5,0.655172414,0
org.jfree.chart.renderer.xy.VectorRenderer,100.00%,18,2,0,40,30,0.278625954,0
org.jfree.chart.renderer.xy.WindItemRenderer,100.00%,14,1,0,25,3,0.361904762,0
org.jfree.chart.renderer.xy.XYAreaRenderer,100.00%,30,3,1,102,68,0.388888889,0
org.jfree.chart.renderer.xy.XYAreaRenderer.XYAreaRendererState,100.00%,3,0,0,4,1,0.526315789,0
org.jfree.chart.renderer.xy.XYAreaRenderer2,100.00%,26,2,1,80,32,0.372307692,0
org.jfree.chart.renderer.xy.XYBarRenderer,100.00%,40,7,2,143,125,0.414534289,0
org.jfree.chart.renderer.xy.XYBarRenderer.XYBarRendererState,100.00%,4,1,0,4,3,0.612903226,0
org.jfree.chart.renderer.xy.XYBlockRenderer,100.00%,21,1,0,58,50,0.450934579,0
org.jfree.chart.renderer.xy.XYBoxAndWhiskerRenderer,100.00%,25,2,0,95,65,0.401515152,0
org.jfree.chart.renderer.xy.XYBubbleRenderer,100.00%,20,2,0,61,30,0.325581395,0
org.jfree.chart.renderer.xy.XYDifferenceRenderer,100.00%,28,4,0,107,92,0.319796954,0
org.jfree.chart.renderer.xy.XYDotRenderer,100.00%,19,2,0,55,30,0.471428571,0
org.jfree.chart.renderer.xy.XYErrorRenderer,100.00%,16,3,0,48,35,0.472067039,0
org.jfree.chart.renderer.xy.XYItemRendererState,100.00%,40,3,6,9,7,0.759689922,0
org.jfree.chart.renderer.xy.XYLineAndShapeRenderer,97.78%,39,3,6,122,107,0.510504202,0
org.jfree.chart.renderer.xy.XYLineAndShapeRenderer.State,100.00%,9,1,2,8,4,0.633333333,0
org.jfree.chart.renderer.xy.XYShapeRenderer,100.00%,24,5,0,80,52,0.518218623,0
org.jfree.chart.renderer.xy.XYSplineRenderer,92.31%,16,2,0,51,46,0.415549598,0
org.jfree.chart.renderer.xy.XYSplineRenderer.FillType,0.00%,2,2,n/a,2,0,0.538461538,0
org.jfree.chart.renderer.xy.XYSplineRenderer.XYSplineState,100.00%,3,0,0,4,1,0.55,0
org.jfree.chart.renderer.xy.XYStepAreaRenderer,100.00%,19,2,0,58,62,0.463654224,0
org.jfree.chart.renderer.xy.XYStepRenderer,100.00%,21,1,0,40,28,0.439215686,0
org.jfree.chart.renderer.xy.YIntervalRenderer,100.00%,21,2,0,52,18,0.465116279,0
org.jfree.chart.swing.AbstractOverlay,100.00%,5,1,1,12,7,0.557377049,0
org.jfree.chart.swing.ApplicationFrame,100.00%,0,7,0,13,9,0.626506024,0
org.jfree.chart.swing.ChartFrame,100.00%,2,1,0,8,4,0.534883721,0
org.jfree.chart.swing.ChartMouseEvent,100.00%,5,3,0,5,4,0.6,0
org.jfree.chart.swing.ChartPanel,100.00%,31,7,1,336,272,0.434170472,0
org.jfree.chart.swing.CrosshairOverlay,90.00%,17,2,0,90,83,0.273267327,0
org.jfree.chart.swing.DefaultSelectionZoomStrategy,11.11%,3,2,0,40,27,0.244791667,0
org.jfree.chart.swing.MouseWheelHandler,100.00%,7,1,0,22,12,0.423913043,0
org.jfree.chart.swing.NumberCellRenderer,100.00%,1,1,0,10,4,0.466666667,0
org.jfree.chart.swing.OverlayChangeEvent,100.00%,3,0,0,2,1,0.692307692,0
org.jfree.chart.swing.PolarChartPanel,100.00%,5,2,0,32,18,0.368421053,0
org.jfree.chart.swing.UIUtils,90.00%,1,5,0,38,13,0.5,0
org.jfree.chart.swing.editor.ChartEditorManager,100.00%,6,1,0,7,4,0.651162791,0
org.jfree.chart.swing.editor.DefaultAxisEditor,100.00%,12,3,1,74,28,0.481865285,0
org.jfree.chart.swing.editor.DefaultChartEditor,100.00%,11,1,0,50,11,0.303370787,0
org.jfree.chart.swing.editor.DefaultChartEditorFactory,100.00%,5,1,0,3,2,0.619047619,0
org.jfree.chart.swing.editor.DefaultLogAxisEditor,85.71%,6,1,0,34,12,0.298076923,0
org.jfree.chart.swing.editor.DefaultNumberAxisEditor,42.86%,7,1,0,42,12,0.182692308,0
org.jfree.chart.swing.editor.DefaultPlotEditor,100.00%,18,1,1,90,67,0.321212121,0
org.jfree.chart.swing.editor.DefaultPolarPlotEditor,77.78%,7,2,0,39,14,0.3,0
org.jfree.chart.swing.editor.DefaultTitleEditor,100.00%,8,1,0,57,19,0.313131313,0
org.jfree.chart.swing.editor.DefaultValueAxisEditor,100.00%,9,2,2,65,33,0.334394904,0
org.jfree.chart.swing.editor.FontChooserPanel,100.00%,2,1,0,39,15,0.293706294,0
org.jfree.chart.swing.editor.FontDisplayField,100.00%,2,1,0,11,5,0.545454545,0
org.jfree.chart.swing.editor.LCBLayout,100.00%,7,5,0,17,28,0.306930693,0
org.jfree.chart.swing.editor.PaintSample,100.00%,5,2,0,15,5,0.46875,0
org.jfree.chart.swing.editor.StrokeChooserPanel,100.00%,4,1,0,16,4,0.530612245,0
org.jfree.chart.swing.editor.StrokeSample,100.00%,3,2,0,22,8,0.447619048,0
org.jfree.chart.text.AttributedStringUtils,100.00%,2,1,0,8,9,0.321428571,0
org.jfree.chart.text.G2TextMeasurer,100.00%,6,1,0,6,2,0.5625,0
org.jfree.chart.text.TextAnchor,80.00%,51,3,n/a,10,8,0.572649573,0
org.jfree.chart.text.TextBlock,100.00%,17,1,0,31,27,0.467532468,0
org.jfree.chart.text.TextBlockAnchor,0.00%,12,2,n/a,2,0,0.52173913,0
org.jfree.chart.text.TextBox,100.00%,9,1,0,61,47,0.44011976,0
org.jfree.chart.text.TextFragment,100.00%,7,1,0,43,28,0.508849558,0
org.jfree.chart.text.TextLine,100.00%,8,1,0,33,24,0.467741935,0
org.jfree.chart.text.TextUtils,100.00%,38,3,0,89,76,0.425531915,0
org.jfree.chart.text.format.HMSNumberFormat,100.00%,1,2,0,8,4,0.6,0
org.jfree.chart.text.format.HexNumberFormat,100.00%,0,2,0,14,9,0.577319588,0
org.jfree.chart.text.format.LogFormat,100.00%,2,2,0,20,20,0.497237569,0
org.jfree.chart.text.format.RelativeDateFormat,100.00%,2,2,0,46,46,0.518599562,0
org.jfree.chart.title.CompositeTitle,100.00%,13,2,0,40,18,0.532163743,0
org.jfree.chart.title.DateTitle,100.00%,7,1,0,12,5,0.76635514,0
org.jfree.chart.title.ImageTitle,100.00%,9,1,0,49,30,0.4204947,0
org.jfree.chart.title.ShortTextTitle,100.00%,9,2,0,41,24,0.387640449,0
org.jfree.chart.title.TextTitle,100.00%,38,1,2,101,99,0.405479452,0
org.jfree.chart.title.Title,100.00%,30,3,5,38,36,0.529411765,0
org.jfree.chart.urls.CustomCategoryURLGenerator,100.00%,4,1,0,16,22,0.405797101,0
org.jfree.chart.urls.CustomPieURLGenerator,100.00%,5,1,0,22,20,0.47133758,0
org.jfree.chart.urls.CustomXYURLGenerator,100.00%,4,1,0,18,22,0.411347518,0
org.jfree.chart.urls.StandardCategoryURLGenerator,100.00%,15,1,0,18,16,0.426470588,0
org.jfree.chart.urls.StandardPieURLGenerator,100.00%,6,1,0,13,13,0.431192661,0
org.jfree.chart.urls.StandardXYURLGenerator,100.00%,7,1,1,8,11,0.47,0
org.jfree.chart.urls.StandardXYZURLGenerator,100.00%,4,1,0,2,1,0.631578947,0
org.jfree.chart.urls.TimeSeriesURLGenerator,100.00%,6,1,0,22,17,0.414285714,0
org.jfree.chart.util.AttrStringUtils,37.50%,5,2,0,33,32,0.3203125,0
org.jfree.chart.util.DefaultShadowGenerator,100.00%,7,1,0,30,28,0.377593361,0
org.jfree.chart.util.DirectionalGradientPaintTransformer,100.00%,1,1,0,16,10,0.488372093,0
org.jfree.chart.util.ExportUtils,100.00%,2,4,0,24,8,0.402515723,0
org.jfree.chart.util.GradientPaintTransformType,0.00%,10,2,n/a,2,0,0.538461538,0
org.jfree.chart.util.PaintAlpha,100.00%,1,1,0,57,27,0.618122977,0
org.jfree.chart.util.StandardGradientPaintTransformer,100.00%,19,1,0,22,16,0.406504065,0
org.jfree.chart.util.StringUtils,100.00%,2,3,0,7,6,0.538461538,0
org.jfree.data.ComparableObjectItem,100.00%,16,2,5,14,13,0.543859649,0
org.jfree.data.ComparableObjectSeries,100.00%,22,1,6,45,50,0.478947368,0
org.jfree.data.DataUtils,100.00%,13,6,0,21,32,0.418269231,0
org.jfree.data.DefaultKeyedValue,100.00%,6,2,0,14,13,0.532110092,0
org.jfree.data.DefaultKeyedValues,100.00%,16,1,0,52,43,0.478142077,0
org.jfree.data.DefaultKeyedValues2D,100.00%,13,1,0,55,56,0.467672414,0
org.jfree.data.DomainOrder,0.00%,13,2,n/a,2,0,0.545454545,0
org.jfree.data.KeyToGroupMap,92.31%,7,1,0,40,34,0.371428571,0
org.jfree.data.KeyedObject,85.71%,3,2,0,11,12,0.458333333,0
org.jfree.data.KeyedObjects,100.00%,6,1,0,35,37,0.47810219,0
org.jfree.data.KeyedObjects2D,100.00%,8,1,0,47,56,0.434679335,0
org.jfree.data.KeyedValueComparator,100.00%,6,1,0,11,18,0.288288288,0
org.jfree.data.KeyedValueComparatorType,0.00%,2,2,n/a,2,0,0.6,0
org.jfree.data.KeyedValues2DItemKey,50.00%,4,1,0,16,13,0.333333333,0
org.jfree.data.KeyedValuesItemKey,50.00%,2,1,0,13,9,0.338235294,0
org.jfree.data.Range,95.65%,139,1,1,29,50,0.498694517,0
org.jfree.data.RangeType,0.00%,3,2,n/a,2,0,0.583333333,0
org.jfree.data.UnknownKeyException,100.00%,20,0,0,2,1,0.615384615,0
org.jfree.data.category.CategoryToPieDataset,100.00%,14,2,0,29,39,0.434108527,0
org.jfree.data.category.DefaultCategoryDataset,100.00%,41,1,1,55,35,0.613445378,0
org.jfree.data.category.DefaultIntervalCategoryDataset,96.97%,10,2,0,49,83,0.469153515,0
org.jfree.data.category.SlidingCategoryDataset,95.00%,7,1,0,40,34,0.52173913,0
org.jfree.data.flow.DefaultFlowDataset,94.12%,8,3,0,50,42,0.445182724,0
org.jfree.data.flow.FlowDatasetUtils,85.71%,5,4,0,19,26,0.448717949,0
org.jfree.data.flow.FlowKey,87.50%,11,3,0,13,14,0.474137931,0
org.jfree.data.flow.NodeKey,85.71%,9,2,0,12,12,0.49,0
org.jfree.data.function.LineFunction2D,100.00%,4,1,0,7,9,0.530120482,0
org.jfree.data.function.NormalDistributionFunction2D,100.00%,3,2,0,10,10,0.483516484,0
org.jfree.data.function.PolynomialFunction2D,100.00%,5,1,0,11,8,0.571428571,0
org.jfree.data.function.PowerFunction2D,100.00%,3,1,0,8,9,0.530120482,0
org.jfree.data.gantt.SlidingGanttCategoryDataset,100.00%,8,1,0,59,61,0.518388792,0
org.jfree.data.gantt.Task,93.75%,13,4,0,27,22,0.518918919,0
org.jfree.data.gantt.TaskSeries,90.91%,11,1,0,28,17,0.496453901,0
org.jfree.data.gantt.TaskSeriesCollection,97.37%,16,1,0,70,64,0.483816014,0
org.jfree.data.gantt.XYTaskDataset,77.42%,11,2,0,49,44,0.518796992,0
org.jfree.data.general.AbstractDataset,100.00%,55,1,15,24,16,0.648044693,0
org.jfree.data.general.AbstractSeriesDataset,100.00%,11,2,3,8,5,0.587301587,0
org.jfree.data.general.DatasetChangeEvent,100.00%,34,1,0,3,2,0.696969697,0
org.jfree.data.general.DatasetUtils,100.00%,63,17,0,135,319,0.368397692,0
org.jfree.data.general.DefaultHeatMapDataset,100.00%,5,3,0,22,32,0.5,0
org.jfree.data.general.DefaultKeyedValueDataset,100.00%,7,1,0,19,20,0.463235294,0
org.jfree.data.general.DefaultKeyedValues2DDataset,100.00%,3,0,0,0,0,0.615384615,0
org.jfree.data.general.DefaultKeyedValuesDataset,100.00%,3,0,0,0,0,0.6,0
org.jfree.data.general.DefaultPieDataset,100.00%,25,1,1,44,29,0.581227437,0
org.jfree.data.general.DefaultValueDataset,100.00%,10,1,0,14,10,0.530864198,0
org.jfree.data.general.HeatMapUtils,100.00%,6,3,0,17,7,0.453333333,0
org.jfree.data.general.Series,100.00%,36,3,6,23,19,0.587912088,0
org.jfree.data.general.SeriesChangeEvent,100.00%,14,0,0,2,1,0.6,0
org.jfree.data.general.SeriesException,100.00%,7,0,0,2,1,0.6,0
org.jfree.data.general.WaferMapDataset,100.00%,5,4,0,31,29,0.551282051,0
org.jfree.data.io.CSV,100.00%,2,1,0,19,16,0.4,0
org.jfree.data.json.JSONUtils,100.00%,4,2,0,17,14,0.354609929,0
org.jfree.data.json.impl.JSONArray,100.00%,3,2,0,16,13,0.431034483,0
org.jfree.data.json.impl.JSONObject,100.00%,3,2,0,24,14,0.462585034,0
org.jfree.data.json.impl.JSONValue,100.00%,5,1,0,25,40,0.477351916,0
org.jfree.data.resources.DataPackageResources,100.00%,0,1,0,1,1,0.5,0
org.jfree.data.resources.DataPackageResources_de,100.00%,0,1,0,1,1,0.473684211,0
org.jfree.data.resources.DataPackageResources_es,100.00%,0,1,0,1,1,0.473684211,0
org.jfree.data.resources.DataPackageResources_fr,100.00%,0,1,0,1,1,0.473684211,0
org.jfree.data.resources.DataPackageResources_pl,100.00%,0,1,0,1,1,0.473684211,0
org.jfree.data.resources.DataPackageResources_ru,100.00%,0,1,0,1,1,0.473684211,0
org.jfree.data.statistics.BoxAndWhiskerCalculator,100.00%,5,1,0,18,19,0.339622642,0
org.jfree.data.statistics.BoxAndWhiskerItem,92.86%,10,9,0,19,26,0.461883408,0
org.jfree.data.statistics.DefaultBoxAndWhiskerCategoryDataset,97.78%,10,1,2,81,82,0.51092233,0
org.jfree.data.statistics.DefaultBoxAndWhiskerXYDataset,96.43%,9,4,0,51,49,0.518828452,0
org.jfree.data.statistics.DefaultMultiValueCategoryDataset,95.00%,10,1,0,49,41,0.447447447,0
org.jfree.data.statistics.DefaultStatisticalCategoryDataset,96.67%,12,1,0,62,65,0.427876823,0
org.jfree.data.statistics.HistogramBin,88.89%,2,2,0,12,13,0.454545455,0
org.jfree.data.statistics.HistogramDataset,95.45%,9,1,0,43,43,0.518072289,0
org.jfree.data.statistics.HistogramType,0.00%,1,2,n/a,2,0,0.545454545,0
org.jfree.data.statistics.MeanAndStandardDeviation,88.89%,2,1,0,13,15,0.507936508,0
org.jfree.data.statistics.Regression,100.00%,4,3,0,16,36,0.246575342,0
org.jfree.data.statistics.SimpleHistogramBin,91.67%,4,2,0,16,35,0.412037037,0
org.jfree.data.statistics.SimpleHistogramDataset,96.43%,11,4,0,51,43,0.568238213,0
org.jfree.data.statistics.Statistics,100.00%,4,1,0,25,46,0.398416887,0
org.jfree.data.time.DateRange,100.00%,5,2,0,16,9,0.635514019,0
org.jfree.data.time.Day,95.83%,26,2,0,47,31,0.547557841,0
org.jfree.data.time.DynamicTimeSeriesCollection,100.00%,14,1,0,59,90,0.528497409,0
org.jfree.data.time.DynamicTimeSeriesCollection.ValueSequence,100.00%,1,1,0,4,5,0.581395349,0
org.jfree.data.time.FixedMillisecond,100.00%,3,2,0,20,24,0.515837104,0
org.jfree.data.time.Hour,100.00%,11,1,0,51,37,0.53117207,0
org.jfree.data.time.Millisecond,100.00%,8,1,0,46,36,0.494594595,0
org.jfree.data.time.Minute,100.00%,12,2,0,52,36,0.509852217,0
org.jfree.data.time.Month,100.00%,12,2,0,45,47,0.488938053,0
org.jfree.data.time.MovingAverage,100.00%,11,3,0,33,32,0.375,0
org.jfree.data.time.Quarter,100.00%,7,2,0,43,35,0.521410579,0
org.jfree.data.time.RegularTimePeriod,100.00%,42,9,10,34,24,0.679245283,0
org.jfree.data.time.Second,100.00%,11,2,0,52,38,0.5,0
org.jfree.data.time.SimpleTimePeriod,100.00%,8,1,0,15,20,0.460122699,0
org.jfree.data.time.TimePeriodAnchor,0.00%,11,2,n/a,2,0,0.583333333,0
org.jfree.data.time.TimePeriodFormatException,100.00%,7,0,0,2,1,0.642857143,0
org.jfree.data.time.TimePeriodValue,100.00%,6,2,0,15,17,0.523076923,0
org.jfree.data.time.TimePeriodValues,100.00%,8,1,0,44,44,0.442408377,0
org.jfree.data.time.TimePeriodValuesCollection,95.65%,12,1,0,56,41,0.461748634,0
org.jfree.data.time.TimeSeries,100.00%,17,1,0,109,138,0.481647269,0
org.jfree.data.time.TimeSeriesCollection,100.00%,22,2,0,85,71,0.496742671,0
org.jfree.data.time.TimeSeriesDataItem,100.00%,6,2,0,16,15,0.59602649,0
org.jfree.data.time.TimeSeriesTableModel,100.00%,5,6,0,21,26,0.388059701,0
org.jfree.data.time.TimeTableXYDataset,96.97%,14,1,0,67,51,0.578431373,0
org.jfree.data.time.Week,100.00%,5,2,0,50,53,0.466546112,0
org.jfree.data.time.Year,100.00%,22,2,0,32,26,0.587155963,0
org.jfree.data.time.ohlc.OHLC,100.00%,3,4,0,8,13,0.471698113,0
org.jfree.data.time.ohlc.OHLCItem,100.00%,6,2,0,15,11,0.472527473,0
org.jfree.data.time.ohlc.OHLCSeries,100.00%,8,2,0,21,8,0.620689655,0
org.jfree.data.time.ohlc.OHLCSeriesCollection,100.00%,14,3,0,60,40,0.573891626,0
org.jfree.data.xml.CategoryDatasetHandler,100.00%,6,2,0,16,9,0.475,0
org.jfree.data.xml.CategorySeriesHandler,100.00%,5,1,0,17,9,0.433333333,0
org.jfree.data.xml.DatasetReader,100.00%,5,1,0,17,7,0.468468468,0
org.jfree.data.xml.ItemHandler,100.00%,6,1,0,15,11,0.462962963,0
org.jfree.data.xml.KeyHandler,100.00%,4,1,0,18,9,0.5,0
org.jfree.data.xml.PieDatasetHandler,100.00%,6,2,0,15,9,0.486842105,0
org.jfree.data.xml.RootHandler,100.00%,7,1,2,12,10,0.507042254,0
org.jfree.data.xml.ValueHandler,100.00%,4,1,0,18,10,0.45631068,0
org.jfree.data.xy.AbstractIntervalXYDataset,100.00%,19,1,14,9,8,0.5,0
org.jfree.data.xy.AbstractXYDataset,100.00%,17,2,10,6,5,0.519230769,0
org.jfree.data.xy.AbstractXYZDataset,100.00%,4,1,2,3,2,0.5,0
org.jfree.data.xy.CategoryTableXYDataset,100.00%,11,2,0,55,33,0.604105572,0
org.jfree.data.xy.DefaultHighLowDataset,100.00%,6,4,0,24,34,0.581005587,0
org.jfree.data.xy.DefaultIntervalXYDataset,100.00%,11,1,0,39,34,0.610766046,0
org.jfree.data.xy.DefaultOHLCDataset,100.00%,9,3,0,33,29,0.558718861,0
org.jfree.data.xy.DefaultTableXYDataset,100.00%,26,2,0,89,69,0.473684211,0
org.jfree.data.xy.DefaultWindDataset,100.00%,7,2,0,29,26,0.517928287,0
org.jfree.data.xy.DefaultXYDataset,100.00%,17,2,4,33,29,0.563291139,0
org.jfree.data.xy.DefaultXYZDataset,100.00%,12,2,0,36,29,0.587743733,0
org.jfree.data.xy.IntervalXYDelegate,100.00%,14,1,0,38,40,0.566666667,0
org.jfree.data.xy.MatrixSeries,100.00%,6,1,1,14,20,0.552795031,0
org.jfree.data.xy.MatrixSeriesCollection,100.00%,9,1,0,38,23,0.563318777,0
org.jfree.data.xy.NormalizedMatrixSeries,100.00%,1,1,0,12,6,0.642105263,0
org.jfree.data.xy.OHLCDataItem,100.00%,6,6,0,14,17,0.48951049,0
org.jfree.data.xy.Vector,100.00%,4,1,0,10,11,0.494505495,0
org.jfree.data.xy.VectorDataItem,100.00%,6,4,0,15,8,0.534246575,0
org.jfree.data.xy.VectorSeries,100.00%,7,3,0,20,10,0.674796748,0
org.jfree.data.xy.VectorSeriesCollection,100.00%,12,1,0,41,22,0.590733591,0
org.jfree.data.xy.WindDataItem,100.00%,1,3,0,9,14,0.43,0
org.jfree.data.xy.XIntervalDataItem,100.00%,5,2,0,12,8,0.492063492,0
org.jfree.data.xy.XIntervalSeries,100.00%,6,2,0,17,9,0.692307692,0
org.jfree.data.xy.XIntervalSeriesCollection,100.00%,11,1,0,50,27,0.591054313,0
org.jfree.data.xy.XYBarDataset,100.00%,12,2,0,36,29,0.617088608,0
org.jfree.data.xy.XYCoordinate,100.00%,3,1,0,10,17,0.415254237,0
org.jfree.data.xy.XYDataItem,100.00%,4,2,0,21,21,0.519125683,0
org.jfree.data.xy.XYDatasetTableModel,100.00%,6,3,0,20,17,0.647668394,0
org.jfree.data.xy.XYInterval,100.00%,2,5,0,7,14,0.471698113,0
org.jfree.data.xy.XYIntervalDataItem,100.00%,4,2,0,16,12,0.443298969,0
org.jfree.data.xy.XYIntervalSeries,100.00%,8,2,0,21,11,0.7,0
org.jfree.data.xy.XYIntervalSeriesCollection,100.00%,12,1,0,47,27,0.607028754,0
org.jfree.data.xy.XYItemKey,50.00%,3,1,0,17,13,0.336734694,0
org.jfree.data.xy.XYSeries,100.00%,50,1,0,82,100,0.508313539,0
org.jfree.data.xy.XYSeriesCollection,100.00%,50,1,0,97,81,0.466153846,0
org.jfree.data.xy.YInterval,100.00%,2,3,0,5,10,0.48,0
org.jfree.data.xy.YIntervalDataItem,100.00%,4,2,0,12,8,0.46969697,0
org.jfree.data.xy.YIntervalSeries,100.00%,8,2,0,17,9,0.703389831,0
org.jfree.data.xy.YIntervalSeriesCollection,100.00%,12,1,0,42,24,0.592057762,0
org.jfree.data.xy.YWithXInterval,100.00%,2,3,0,5,10,0.506329114,0