Class,CBO,LCOM,NOC,RFC,WMC,CLOC/LOC,jm,JTA
org.jfree.chart.ChartColor,1,1,0,3,2,0.396396396,1.0000000,0
org.jfree.chart.ChartElement,n/a,n/a,n/a,1,n/a,#N/A,#N/A,#N/A
org.jfree.chart.ChartElementVisitor,n/a,n/a,n/a,1,n/a,#N/A,#N/A,#N/A
org.jfree.chart.ChartFactory,121,1,0,176,131,0.479035037,1.0000000,0
org.jfree.chart.ChartHints,3,0,0,2,1,0.727272727,0.0000000,0
org.jfree.chart.ChartHints.Key,1,1,0,5,5,0.5,1.0000000,0
org.jfree.chart.ChartRenderingInfo,41,1,0,28,21,0.538043478,0.9231000,0
org.jfree.chart.ChartTheme,n/a,n/a,n/a,1,n/a,#N/A,#N/A,#N/A
org.jfree.chart.ChartTransferable,2,1,0,18,13,0.50802139,1.0000000,0
org.jfree.chart.ChartUtils,14,9,0,58,32,0.62478185,1.0000000,0
org.jfree.chart.Drawable,n/a,n/a,n/a,1,n/a,#N/A,#N/A,#N/A
org.jfree.chart.JFreeChart,120,1,0,194,157,0.486795146,0.9726000,0
org.jfree.chart.StandardChartTheme,57,4,1,238,200,0.427925016,0.9892000,0
org.jfree.chart.annotations.AbstractAnnotation,20,1,3,22,15,0.625,1.0000000,0
org.jfree.chart.annotations.AbstractXYAnnotation,18,4,9,16,16,0.524822695,1.0000000,0
org.jfree.chart.annotations.Annotation,n/a,n/a,n/a,2,n/a,#N/A,#N/A,#N/A
org.jfree.chart.annotations.CategoryAnnotation,n/a,n/a,n/a,1,n/a,#N/A,#N/A,#N/A
org.jfree.chart.annotations.CategoryLineAnnotation,19,1,0,50,29,0.477203647,1.0000000,0
org.jfree.chart.annotations.CategoryPointerAnnotation,18,1,0,69,35,0.497607656,1.0000000,0
org.jfree.chart.annotations.CategoryTextAnnotation,21,1,1,41,19,0.451282051,1.0000000,0
org.jfree.chart.annotations.TextAnnotation,9,6,1,32,25,0.536121673,1.0000000,0
org.jfree.chart.annotations.XYAnnotation,n/a,n/a,n/a,1,n/a,#N/A,#N/A,#N/A
org.jfree.chart.annotations.XYAnnotationBoundsInfo,n/a,n/a,n/a,3,n/a,#N/A,#N/A,#N/A
org.jfree.chart.annotations.XYBoxAnnotation,13,1,0,44,30,0.459649123,1.0000000,0
org.jfree.chart.annotations.XYDataImageAnnotation,13,2,0,38,28,0.5,1.0000000,0
org.jfree.chart.annotations.XYDrawableAnnotation,12,1,0,33,21,0.422727273,1.0000000,0
org.jfree.chart.annotations.XYImageAnnotation,12,1,0,39,22,0.472222222,1.0000000,0
org.jfree.chart.annotations.XYLineAnnotation,15,1,0,44,27,0.42804428,1.0000000,0
org.jfree.chart.annotations.XYPointerAnnotation,15,1,0,77,37,0.479166667,1.0000000,0
org.jfree.chart.annotations.XYPolygonAnnotation,15,1,0,49,29,0.440613027,1.0000000,0
org.jfree.chart.annotations.XYShapeAnnotation,14,1,0,48,21,0.398104265,1.0000000,0
org.jfree.chart.annotations.XYTextAnnotation,23,1,1,71,49,0.510556622,1.0000000,0
org.jfree.chart.annotations.XYTitleAnnotation,25,1,0,56,36,0.372483221,1.0000000,0
org.jfree.chart.api.HorizontalAlignment,12,2,n/a,2,0,0.583333333,0.0000000,0
org.jfree.chart.api.Layer,8,2,n/a,2,0,0.555555556,0.0000000,0
org.jfree.chart.api.LengthAdjustmentType,8,2,n/a,2,0,0.583333333,0.0000000,0
org.jfree.chart.api.PublicCloneable,n/a,n/a,n/a,1,n/a,#N/A,#N/A,#N/A
org.jfree.chart.api.RectangleAlignment,6,3,n/a,14,14,0.214285714,0.3333000,0
org.jfree.chart.api.RectangleAnchor,29,3,n/a,16,22,0.25,0.5000000,0
org.jfree.chart.api.RectangleEdge,100,3,n/a,10,14,0.487179487,0.6667000,0
org.jfree.chart.api.RectangleInsets,65,1,0,38,57,0.466814159,1.0000000,0
org.jfree.chart.api.Rotation,5,3,n/a,4,2,0.65625,0.5000000,0
org.jfree.chart.api.SortOrder,9,2,n/a,2,0,0.555555556,0.0000000,0
org.jfree.chart.api.TableOrder,7,2,n/a,2,0,0.555555556,0.0000000,0
org.jfree.chart.api.UnitType,7,2,n/a,2,0,0.555555556,0.0000000,0
org.jfree.chart.api.VerticalAlignment,12,2,n/a,2,0,0.583333333,0.0000000,0
org.jfree.chart.api.XYCoordinateType,1,2,n/a,2,0,0.705882353,0.0000000,0
org.jfree.chart.axis.Axis,60,7,2,160,153,0.487302677,1.0000000,0
org.jfree.chart.axis.AxisCollection,5,1,0,9,11,0.494252874,1.0000000,0
org.jfree.chart.axis.AxisLabelLocation,2,2,n/a,2,0,0.545454545,0.0000000,0
org.jfree.chart.axis.AxisLocation,14,3,n/a,6,7,0.454545455,0.5000000,0
org.jfree.chart.axis.AxisSpace,19,1,0,34,43,0.392026578,1.0000000,0
org.jfree.chart.axis.AxisState,24,3,0,16,18,0.548148148,1.0000000,0
org.jfree.chart.axis.CategoryAnchor,7,2,n/a,2,0,0.583333333,0.0000000,0
org.jfree.chart.axis.CategoryAxis,76,4,2,169,134,0.436734694,1.0000000,0
org.jfree.chart.axis.CategoryLabelPosition,9,6,0,15,20,0.505319149,1.0000000,0
org.jfree.chart.axis.CategoryLabelPositions,10,2,0,18,21,0.413580247,1.0000000,0
org.jfree.chart.axis.CategoryLabelWidthType,5,2,n/a,2,0,0.555555556,0.0000000,0
org.jfree.chart.axis.CategoryTick,6,3,0,12,11,0.456521739,1.0000000,0
org.jfree.chart.axis.CompassFormat,2,2,0,12,9,0.565656566,1.0000000,0
org.jfree.chart.axis.CyclicNumberAxis,23,3,0,105,120,0.356548857,1.0000000,0
org.jfree.chart.axis.CyclicNumberAxis.CycleBoundTick,3,0,0,2,1,0.653846154,1.0000000,0
org.jfree.chart.axis.DateAxis,30,1,1,168,153,0.334902488,1.0000000,0
org.jfree.chart.axis.DateAxis.DefaultTimeline,2,7,0,9,11,0.609090909,1.0000000,0
org.jfree.chart.axis.DateTick,7,1,0,11,8,0.53164557,1.0000000,0
org.jfree.chart.axis.DateTickMarkPosition,3,2,n/a,2,0,0.583333333,0.0000000,0
org.jfree.chart.axis.DateTickUnit,7,4,0,35,32,0.518248175,1.0000000,0
org.jfree.chart.axis.DateTickUnitType,4,3,n/a,4,2,0.567567568,0.5000000,0
org.jfree.chart.axis.ExtendedCategoryAxis,11,1,0,35,20,0.502824859,1.0000000,0
org.jfree.chart.axis.LogAxis,22,1,0,129,97,0.406181015,0.9500000,0
org.jfree.chart.axis.LogTick,5,1,0,3,2,0.633333333,1.0000000,0
org.jfree.chart.axis.LogarithmicAxis,13,1,1,70,114,0.463414634,1.0000000,0
org.jfree.chart.axis.MarkerAxisBand,8,1,0,43,18,0.338709677,1.0000000,0
org.jfree.chart.axis.ModuloAxis,7,1,0,38,40,0.424581006,1.0000000,0
org.jfree.chart.axis.MonthDateFormat,2,2,0,28,19,0.535911602,1.0000000,0
org.jfree.chart.axis.NumberAxis,76,9,4,123,112,0.408290155,1.0000000,0
org.jfree.chart.axis.NumberTick,11,1,1,6,3,0.638297872,1.0000000,0
org.jfree.chart.axis.NumberTickUnit,17,1,0,17,12,0.49,1.0000000,0
org.jfree.chart.axis.NumberTickUnitSource,5,1,0,24,39,0.126436782,0.2500000,0
org.jfree.chart.axis.PeriodAxis,24,1,0,155,115,0.384765625,1.0000000,0
org.jfree.chart.axis.PeriodAxisLabelInfo,8,8,0,36,26,0.477443609,1.0000000,0
org.jfree.chart.axis.QuarterDateFormat,2,2,0,17,12,0.469230769,1.0000000,0
org.jfree.chart.axis.StandardTickUnitSource,4,1,0,13,7,0.555555556,1.0000000,0
org.jfree.chart.axis.SubCategoryAxis,17,1,0,69,40,0.377906977,1.0000000,0
org.jfree.chart.axis.SymbolAxis,20,2,0,87,69,0.366720517,1.0000000,0
org.jfree.chart.axis.Tick,15,4,2,11,14,0.487179487,1.0000000,0
org.jfree.chart.axis.TickType,12,2,n/a,2,0,0.555555556,0.0000000,0
org.jfree.chart.axis.TickUnit,15,3,2,10,16,0.523076923,1.0000000,0
org.jfree.chart.axis.TickUnitSource,n/a,n/a,n/a,3,n/a,#N/A,#N/A,#N/A
org.jfree.chart.axis.TickUnits,5,1,0,22,14,0.511111111,1.0000000,0
org.jfree.chart.axis.Timeline,n/a,n/a,n/a,7,n/a,#N/A,#N/A,#N/A
org.jfree.chart.axis.ValueAxis,137,7,4,163,163,0.490424077,1.0000000,0
org.jfree.chart.axis.ValueTick,15,2,3,8,9,0.534883721,1.0000000,0
org.jfree.chart.block.AbstractBlock,30,3,6,77,55,0.542910448,0.9211000,0
org.jfree.chart.block.Arrangement,n/a,n/a,n/a,3,n/a,#N/A,#N/A,#N/A
org.jfree.chart.block.Block,n/a,n/a,n/a,7,n/a,#N/A,#N/A,#N/A
org.jfree.chart.block.BlockBorder,9,1,0,31,19,0.469879518,1.0000000,0
org.jfree.chart.block.BlockContainer,25,1,1,48,26,0.449275362,0.9333000,0
org.jfree.chart.block.BlockFrame,n/a,n/a,n/a,2,n/a,#N/A,#N/A,#N/A
org.jfree.chart.block.BlockParams,3,3,0,7,7,0.658823529,1.0000000,0
org.jfree.chart.block.BlockResult,7,1,0,3,3,0.580645161,1.0000000,0
org.jfree.chart.block.BorderArrangement,12,1,0,40,71,0.202558635,1.0000000,0
org.jfree.chart.block.CenterArrangement,8,3,0,33,31,0.484615385,1.0000000,0
org.jfree.chart.block.ColorBlock,8,2,0,31,12,0.527131783,1.0000000,0
org.jfree.chart.block.ColumnArrangement,12,3,0,38,42,0.367412141,1.0000000,0
org.jfree.chart.block.EmptyBlock,10,2,0,16,5,0.605633803,1.0000000,0
org.jfree.chart.block.EntityBlockParams,n/a,n/a,n/a,1,n/a,#N/A,#N/A,#N/A
org.jfree.chart.block.EntityBlockResult,n/a,n/a,n/a,1,n/a,#N/A,#N/A,#N/A
org.jfree.chart.block.FlowArrangement,12,3,0,40,46,0.388586957,1.0000000,0
org.jfree.chart.block.GridArrangement,8,3,0,38,51,0.355978261,1.0000000,0
org.jfree.chart.block.LabelBlock,19,1,0,59,34,0.518404908,1.0000000,0
org.jfree.chart.block.LengthConstraintType,14,2,n/a,2,0,0.545454545,0.0000000,0
org.jfree.chart.block.LineBorder,6,1,0,36,19,0.378881988,1.0000000,0
org.jfree.chart.block.RectangleConstraint,28,1,0,24,33,0.482269504,1.0000000,0
org.jfree.chart.block.Size2D,33,2,0,12,14,0.529411765,1.0000000,0
org.jfree.chart.date.MonthConstants,n/a,n/a,n/a,0,n/a,#N/A,#N/A,#N/A
org.jfree.chart.date.SerialDate,8,16,1,65,78,0.571779141,1.0000000,0
org.jfree.chart.date.SpreadsheetDate,2,3,0,30,34,0.53133515,1.0000000,0
org.jfree.chart.encoders.EncoderUtil,3,8,0,14,8,0.634328358,1.0000000,0
org.jfree.chart.encoders.ImageEncoder,n/a,n/a,n/a,6,n/a,#N/A,#N/A,#N/A
org.jfree.chart.encoders.ImageEncoderFactory,2,1,0,17,8,0.489583333,1.0000000,0
org.jfree.chart.encoders.ImageFormat,n/a,n/a,n/a,0,n/a,#N/A,#N/A,#N/A
org.jfree.chart.encoders.SunJPEGEncoderAdapter,2,3,0,23,8,0.568807339,1.0000000,0
org.jfree.chart.encoders.SunPNGEncoderAdapter,3,5,0,10,6,0.613333333,1.0000000,0
org.jfree.chart.entity.AxisEntity,5,1,0,28,16,0.52739726,1.0000000,0
org.jfree.chart.entity.CategoryItemEntity,6,3,0,14,14,0.556390977,1.0000000,0
org.jfree.chart.entity.CategoryLabelEntity,5,1,0,16,8,0.480519481,1.0000000,0
org.jfree.chart.entity.ChartEntity,36,1,12,45,37,0.479623824,1.0000000,0
org.jfree.chart.entity.EntityCollection,n/a,n/a,n/a,8,n/a,#N/A,#N/A,#N/A
org.jfree.chart.entity.FlowEntity,5,1,0,10,7,0.492063492,0.8000000,0
org.jfree.chart.entity.JFreeChartEntity,5,1,0,28,16,0.524137931,1.0000000,0
org.jfree.chart.entity.LegendItemEntity,4,2,0,12,13,0.552631579,1.0000000,0
org.jfree.chart.entity.NodeEntity,4,1,0,7,4,0.625,1.0000000,0
org.jfree.chart.entity.PieSectionEntity,7,4,0,18,18,0.556213018,1.0000000,0
org.jfree.chart.entity.PlotEntity,5,1,0,28,16,0.524137931,1.0000000,0
org.jfree.chart.entity.StandardEntityCollection,13,1,0,29,17,0.475862069,0.9167000,0
org.jfree.chart.entity.TickLabelEntity,3,0,1,2,1,0.631578947,1.0000000,0
org.jfree.chart.entity.TitleEntity,7,1,0,28,16,0.524137931,1.0000000,0
org.jfree.chart.entity.XYAnnotationEntity,2,1,0,6,8,0.492063492,1.0000000,0
org.jfree.chart.entity.XYItemEntity,9,3,0,11,13,0.535087719,1.0000000,0
org.jfree.chart.event.AnnotationChangeEvent,10,1,0,4,2,0.607142857,1.0000000,0
org.jfree.chart.event.AnnotationChangeListener,n/a,n/a,n/a,1,n/a,#N/A,#N/A,#N/A
org.jfree.chart.event.AxisChangeEvent,10,1,0,3,2,0.64,1.0000000,0
org.jfree.chart.event.AxisChangeListener,n/a,n/a,n/a,1,n/a,#N/A,#N/A,#N/A
org.jfree.chart.event.ChartChangeEvent,35,2,7,9,7,0.605263158,1.0000000,0
org.jfree.chart.event.ChartChangeEventType,4,2,n/a,2,0,0.545454545,0.0000000,0
org.jfree.chart.event.ChartChangeListener,n/a,n/a,n/a,1,n/a,#N/A,#N/A,#N/A
org.jfree.chart.event.ChartProgressEvent,5,3,0,9,7,0.584415584,1.0000000,0
org.jfree.chart.event.ChartProgressEventType,2,2,n/a,2,0,0.555555556,0.0000000,0
org.jfree.chart.event.ChartProgressListener,n/a,n/a,n/a,1,n/a,#N/A,#N/A,#N/A
org.jfree.chart.event.MarkerChangeEvent,11,1,0,3,2,0.653846154,1.0000000,0
org.jfree.chart.event.MarkerChangeListener,n/a,n/a,n/a,1,n/a,#N/A,#N/A,#N/A
org.jfree.chart.event.PlotChangeEvent,14,1,0,3,2,0.62962963,1.0000000,0
org.jfree.chart.event.PlotChangeListener,n/a,n/a,n/a,1,n/a,#N/A,#N/A,#N/A
org.jfree.chart.event.RendererChangeEvent,12,2,0,5,4,0.647058824,1.0000000,0
org.jfree.chart.event.RendererChangeListener,n/a,n/a,n/a,1,n/a,#N/A,#N/A,#N/A
org.jfree.chart.event.TitleChangeEvent,9,1,0,3,2,0.583333333,1.0000000,0
org.jfree.chart.event.TitleChangeListener,n/a,n/a,n/a,1,n/a,#N/A,#N/A,#N/A
org.jfree.chart.imagemap.DynamicDriveToolTipTagFragmentGenerator,2,1,0,5,3,0.558139535,1.0000000,0
org.jfree.chart.imagemap.ImageMapUtils,13,2,0,25,23,0.41025641,1.0000000,0
org.jfree.chart.imagemap.OverLIBToolTipTagFragmentGenerator,5,1,0,4,2,0.538461538,1.0000000,0
org.jfree.chart.imagemap.StandardToolTipTagFragmentGenerator,5,1,0,4,2,0.541666667,1.0000000,0
org.jfree.chart.imagemap.StandardURLTagFragmentGenerator,5,1,0,3,2,0.583333333,1.0000000,0
org.jfree.chart.imagemap.ToolTipTagFragmentGenerator,n/a,n/a,n/a,1,n/a,#N/A,#N/A,#N/A
org.jfree.chart.imagemap.URLTagFragmentGenerator,n/a,n/a,n/a,1,n/a,#N/A,#N/A,#N/A
org.jfree.chart.internal.Args,239,5,0,7,10,0.576923077,1.0000000,0
org.jfree.chart.internal.ArrayUtils,3,1,0,11,31,0.315789474,1.0000000,0
org.jfree.chart.internal.CloneUtils,244,1,0,19,13,0.384615385,1.0000000,0
org.jfree.chart.internal.HashUtils,55,2,0,19,19,0.60130719,1.0000000,0
org.jfree.chart.internal.LineUtils,6,2,0,15,15,0.292035398,1.0000000,0
org.jfree.chart.internal.PaintUtils,69,3,0,45,20,0.318471338,1.0000000,0
org.jfree.chart.internal.SerialUtils,96,10,0,99,71,0.325217391,1.0000000,0
org.jfree.chart.internal.ShapeUtils,31,16,0,72,46,0.431767338,1.0000000,0
org.jfree.chart.labels.AbstractCategoryItemLabelGenerator,13,3,2,31,24,0.483333333,1.0000000,0
org.jfree.chart.labels.AbstractPieItemLabelGenerator,9,1,2,23,20,0.441176471,1.0000000,0
org.jfree.chart.labels.AbstractXYItemLabelGenerator,12,1,5,36,31,0.462962963,1.0000000,0
org.jfree.chart.labels.BoxAndWhiskerToolTipGenerator,10,1,0,17,7,0.505494505,1.0000000,0
org.jfree.chart.labels.BoxAndWhiskerXYToolTipGenerator,8,1,0,24,8,0.505050505,1.0000000,0
org.jfree.chart.labels.BubbleXYItemLabelGenerator,9,1,0,31,19,0.471794872,1.0000000,0
org.jfree.chart.labels.CategoryItemLabelGenerator,n/a,n/a,n/a,3,n/a,#N/A,#N/A,#N/A
org.jfree.chart.labels.CategorySeriesLabelGenerator,n/a,n/a,n/a,1,n/a,#N/A,#N/A,#N/A
org.jfree.chart.labels.CategoryToolTipGenerator,n/a,n/a,n/a,1,n/a,#N/A,#N/A,#N/A
org.jfree.chart.labels.CrosshairLabelGenerator,n/a,n/a,n/a,1,n/a,#N/A,#N/A,#N/A
org.jfree.chart.labels.CustomXYToolTipGenerator,4,1,0,16,18,0.4453125,1.0000000,0
org.jfree.chart.labels.FlowLabelGenerator,n/a,n/a,n/a,1,n/a,#N/A,#N/A,#N/A
org.jfree.chart.labels.HighLowItemLabelGenerator,10,2,0,31,21,0.376623377,1.0000000,0
org.jfree.chart.labels.IntervalCategoryItemLabelGenerator,10,1,0,16,9,0.4125,1.0000000,0
org.jfree.chart.labels.IntervalCategoryToolTipGenerator,8,1,0,20,13,0.415841584,0.8333000,0
org.jfree.chart.labels.IntervalXYItemLabelGenerator,7,2,0,39,21,0.413793103,0.9000000,0
org.jfree.chart.labels.IntervalXYToolTipGenerator,6,2,0,39,21,0.422110553,0.9000000,0
org.jfree.chart.labels.ItemLabelAnchor,10,2,n/a,2,0,0.517857143,0.0000000,0
org.jfree.chart.labels.ItemLabelPosition,18,4,0,13,15,0.453846154,0.8889000,0
org.jfree.chart.labels.MultipleXYSeriesLabelGenerator,7,1,0,30,19,0.391566265,1.0000000,0
org.jfree.chart.labels.PieSectionLabelGenerator,n/a,n/a,n/a,2,n/a,#N/A,#N/A,#N/A
org.jfree.chart.labels.PieToolTipGenerator,n/a,n/a,n/a,1,n/a,#N/A,#N/A,#N/A
org.jfree.chart.labels.StandardCategoryItemLabelGenerator,12,1,1,13,9,0.554347826,0.8571000,0
org.jfree.chart.labels.StandardCategorySeriesLabelGenerator,9,1,0,14,10,0.509803922,1.0000000,0
org.jfree.chart.labels.StandardCategoryToolTipGenerator,21,1,2,11,8,0.518987342,0.8333000,0
org.jfree.chart.labels.StandardCrosshairLabelGenerator,4,1,0,16,11,0.46875,1.0000000,0
org.jfree.chart.labels.StandardFlowLabelGenerator,7,1,0,16,7,0.452054795,0.8000000,0
org.jfree.chart.labels.StandardPieSectionLabelGenerator,9,2,0,28,15,0.604395604,0.9167000,0
org.jfree.chart.labels.StandardPieToolTipGenerator,7,1,0,13,7,0.643678161,1.0000000,0
org.jfree.chart.labels.StandardXYItemLabelGenerator,7,1,0,19,12,0.606060606,0.9000000,0
org.jfree.chart.labels.StandardXYSeriesLabelGenerator,10,1,0,14,10,0.532110092,1.0000000,0
org.jfree.chart.labels.StandardXYToolTipGenerator,19,2,2,20,12,0.601503759,0.9000000,0
org.jfree.chart.labels.StandardXYZToolTipGenerator,9,1,0,30,18,0.465240642,0.9000000,0
org.jfree.chart.labels.SymbolicXYItemLabelGenerator,11,2,0,18,12,0.464285714,1.0000000,0
org.jfree.chart.labels.XYItemLabelGenerator,n/a,n/a,n/a,1,n/a,#N/A,#N/A,#N/A
org.jfree.chart.labels.XYSeriesLabelGenerator,n/a,n/a,n/a,1,n/a,#N/A,#N/A,#N/A
org.jfree.chart.labels.XYToolTipGenerator,n/a,n/a,n/a,1,n/a,#N/A,#N/A,#N/A
org.jfree.chart.labels.XYZToolTipGenerator,n/a,n/a,n/a,1,n/a,#N/A,#N/A,#N/A
org.jfree.chart.legend.LegendGraphic,16,1,0,87,77,0.505617978,1.0000000,0
org.jfree.chart.legend.LegendItem,62,24,0,89,87,0.54515778,0.9828000,0
org.jfree.chart.legend.LegendItemBlockContainer,10,2,0,22,11,0.540983607,1.0000000,0
org.jfree.chart.legend.LegendItemCollection,30,1,0,19,12,0.515151515,0.8889000,0
org.jfree.chart.legend.LegendItemSource,n/a,n/a,n/a,1,n/a,#N/A,#N/A,#N/A
org.jfree.chart.legend.LegendRenderingOrder,0,2,n/a,2,0,0.555555556,0.0000000,0
org.jfree.chart.legend.LegendTitle,38,2,0,124,64,0.431192661,0.9714000,0
org.jfree.chart.legend.PaintScaleLegend,25,1,0,101,70,0.394648829,1.0000000,0
org.jfree.chart.plot.CategoryCrosshairState,5,1,0,15,13,0.487394958,1.0000000,0
org.jfree.chart.plot.CategoryMarker,10,2,0,18,15,0.542635659,1.0000000,0
org.jfree.chart.plot.CategoryPlot,113,13,2,451,597,0.469082673,0.9911000,0
org.jfree.chart.plot.CenterTextMode,2,2,n/a,2,0,0.545454545,0.0000000,0
org.jfree.chart.plot.CombinedDomainCategoryPlot,21,3,0,117,72,0.396396396,1.0000000,0
org.jfree.chart.plot.CombinedDomainXYPlot,25,3,0,122,86,0.415335463,1.0000000,0
org.jfree.chart.plot.CombinedRangeCategoryPlot,22,2,0,102,62,0.381578947,1.0000000,0
org.jfree.chart.plot.CombinedRangeXYPlot,23,3,0,118,79,0.40651801,1.0000000,0
org.jfree.chart.plot.Crosshair,11,1,0,67,57,0.553398058,1.0000000,0
org.jfree.chart.plot.CrosshairState,35,1,2,22,27,0.6271777,1.0000000,0
org.jfree.chart.plot.DatasetRenderingOrder,3,2,n/a,2,0,0.764705882,0.0000000,0
org.jfree.chart.plot.DefaultDrawingSupplier,12,2,0,35,44,0.370731707,1.0000000,0
org.jfree.chart.plot.DialShape,2,2,n/a,2,0,0.583333333,0.0000000,0
org.jfree.chart.plot.DrawingSupplier,n/a,n/a,n/a,6,n/a,#N/A,#N/A,#N/A
org.jfree.chart.plot.FastScatterPlot,25,5,0,119,98,0.476769912,1.0000000,0
org.jfree.chart.plot.IntervalMarker,10,3,0,19,17,0.526315789,1.0000000,0
org.jfree.chart.plot.Marker,27,2,3,63,57,0.549450549,1.0000000,0
org.jfree.chart.plot.MeterInterval,8,5,0,22,17,0.496644295,1.0000000,0
org.jfree.chart.plot.MeterPlot,21,3,0,142,117,0.443317972,1.0000000,0
org.jfree.chart.plot.Pannable,n/a,n/a,n/a,5,n/a,#N/A,#N/A,#N/A
org.jfree.chart.plot.Plot,102,8,13,136,154,0.511856092,1.0000000,0
org.jfree.chart.plot.PlotOrientation,102,4,n/a,5,2,0.655172414,0.5000000,0
org.jfree.chart.plot.PlotRenderingInfo,103,3,0,32,25,0.520930233,0.9333000,0
org.jfree.chart.plot.PlotState,20,1,0,3,2,0.571428571,1.0000000,0
org.jfree.chart.plot.PolarAxisLocation,1,2,n/a,2,0,0.523809524,0.0000000,0
org.jfree.chart.plot.PolarPlot,44,13,0,218,221,0.467963387,1.0000000,0
org.jfree.chart.plot.RingPlot,25,2,0,111,62,0.469244288,1.0000000,0
org.jfree.chart.plot.SeriesRenderingOrder,1,2,n/a,2,0,0.75,0.0000000,0
org.jfree.chart.plot.SpiderWebPlot,29,2,0,177,127,0.466282895,1.0000000,0
org.jfree.chart.plot.ThermometerPlot,27,10,0,161,153,0.471104609,1.0000000,0
org.jfree.chart.plot.ValueAxisPlot,n/a,n/a,n/a,1,n/a,#N/A,#N/A,#N/A
org.jfree.chart.plot.ValueMarker,9,1,0,11,10,0.59375,1.0000000,0
org.jfree.chart.plot.WaferMapPlot,15,4,0,52,33,0.362537764,1.0000000,0
org.jfree.chart.plot.XYCrosshairState,1,0,0,1,1,0.636363636,1.0000000,0
org.jfree.chart.plot.XYPlot,130,6,2,462,645,0.451665645,0.9831000,0
org.jfree.chart.plot.Zoomable,n/a,n/a,n/a,9,n/a,#N/A,#N/A,#N/A
org.jfree.chart.plot.compass.ArrowNeedle,5,1,1,26,12,0.378378378,1.0000000,0
org.jfree.chart.plot.compass.CompassPlot,25,6,0,99,87,0.424328147,1.0000000,0
org.jfree.chart.plot.compass.LineNeedle,4,1,0,19,7,0.492537313,1.0000000,0
org.jfree.chart.plot.compass.LongNeedle,3,1,0,33,12,0.322033898,1.0000000,0
org.jfree.chart.plot.compass.MeterNeedle,14,5,8,53,40,0.5,1.0000000,0
org.jfree.chart.plot.compass.MiddlePinNeedle,3,1,0,24,9,0.397727273,1.0000000,0
org.jfree.chart.plot.compass.PinNeedle,3,1,0,24,9,0.406976744,1.0000000,0
org.jfree.chart.plot.compass.PlumNeedle,3,1,0,24,8,0.428571429,1.0000000,0
org.jfree.chart.plot.compass.PointerNeedle,3,1,0,30,11,0.346938776,1.0000000,0
org.jfree.chart.plot.compass.ShipNeedle,3,1,0,23,8,0.447368421,1.0000000,0
org.jfree.chart.plot.compass.WindNeedle,4,1,0,15,8,0.426470588,1.0000000,0
org.jfree.chart.plot.dial.AbstractDialLayer,27,1,9,22,15,0.56,1.0000000,0
org.jfree.chart.plot.dial.ArcDialFrame,11,3,0,59,36,0.496350365,1.0000000,0
org.jfree.chart.plot.dial.DialBackground,13,2,0,30,18,0.563157895,1.0000000,0
org.jfree.chart.plot.dial.DialCap,12,2,0,43,23,0.549407115,1.0000000,0
org.jfree.chart.plot.dial.DialFrame,n/a,n/a,n/a,1,n/a,#N/A,#N/A,#N/A
org.jfree.chart.plot.dial.DialLayer,n/a,n/a,n/a,6,n/a,#N/A,#N/A,#N/A
org.jfree.chart.plot.dial.DialLayerChangeEvent,17,1,0,3,2,0.6,1.0000000,0
org.jfree.chart.plot.dial.DialLayerChangeListener,n/a,n/a,n/a,1,n/a,#N/A,#N/A,#N/A
org.jfree.chart.plot.dial.DialPlot,27,6,0,91,80,0.494964029,1.0000000,0
org.jfree.chart.plot.dial.DialPointer,9,3,2,15,14,0.558139535,1.0000000,0
org.jfree.chart.plot.dial.DialPointer.Pin,10,1,0,42,15,0.49375,1.0000000,0
org.jfree.chart.plot.dial.DialPointer.Pointer,10,1,0,48,18,0.444954128,1.0000000,0
org.jfree.chart.plot.dial.DialScale,n/a,n/a,n/a,2,n/a,#N/A,#N/A,#N/A
org.jfree.chart.plot.dial.DialTextAnnotation,12,2,0,48,29,0.543973941,1.0000000,0
org.jfree.chart.plot.dial.DialValueIndicator,15,2,0,90,60,0.523961661,1.0000000,0
org.jfree.chart.plot.dial.StandardDialFrame,11,2,0,47,24,0.514925373,1.0000000,0
org.jfree.chart.plot.dial.StandardDialRange,11,2,0,44,34,0.514705882,1.0000000,0
org.jfree.chart.plot.dial.StandardDialScale,12,2,0,82,81,0.541860465,1.0000000,0
org.jfree.chart.plot.flow.FlowPlot,22,2,0,120,88,0.387426901,1.0000000,0
org.jfree.chart.plot.pie.AbstractPieLabelDistributor,4,2,1,12,5,0.649122807,1.0000000,0
org.jfree.chart.plot.pie.MultiplePiePlot,33,2,0,106,61,0.370741483,1.0000000,0
org.jfree.chart.plot.pie.PieLabelDistributor,3,1,0,24,26,0.360248447,1.0000000,0
org.jfree.chart.plot.pie.PieLabelLinkStyle,4,2,n/a,2,0,0.583333333,0.0000000,0
org.jfree.chart.plot.pie.PieLabelRecord,5,7,0,19,29,0.48372093,1.0000000,0
org.jfree.chart.plot.pie.PiePlot,50,2,1,320,293,0.468541301,1.0000000,0
org.jfree.chart.plot.pie.PiePlotState,4,10,0,22,21,0.615,1.0000000,0
org.jfree.chart.renderer.AbstractRenderer,94,5,4,219,310,0.557449963,1.0000000,0
org.jfree.chart.renderer.AreaRendererEndType,3,2,n/a,2,0,0.705882353,0.0000000,0
org.jfree.chart.renderer.DefaultPolarItemRenderer,29,1,0,132,88,0.415465269,1.0000000,0
org.jfree.chart.renderer.GrayPaintScale,6,1,0,16,17,0.530864198,1.0000000,0
org.jfree.chart.renderer.LookupPaintScale,12,1,0,28,28,0.429951691,1.0000000,0
org.jfree.chart.renderer.LookupPaintScale.PaintItem,3,1,0,10,11,0.460674157,1.0000000,0
org.jfree.chart.renderer.NotOutlierException,0,0,0,2,1,0.642857143,1.0000000,0
org.jfree.chart.renderer.Outlier,5,1,0,15,17,0.546666667,1.0000000,0
org.jfree.chart.renderer.OutlierList,4,2,0,18,11,0.612068966,1.0000000,0
org.jfree.chart.renderer.OutlierListCollection,4,3,0,17,12,0.615384615,1.0000000,0
org.jfree.chart.renderer.PaintScale,n/a,n/a,n/a,3,n/a,#N/A,#N/A,#N/A
org.jfree.chart.renderer.PolarItemRenderer,n/a,n/a,n/a,15,n/a,#N/A,#N/A,#N/A
org.jfree.chart.renderer.RendererState,32,2,3,7,7,0.578125,1.0000000,0
org.jfree.chart.renderer.RendererUtils,5,1,0,10,32,0.283653846,1.0000000,0
org.jfree.chart.renderer.WaferMapRenderer,8,1,0,46,45,0.375426621,1.0000000,0
org.jfree.chart.renderer.category.AbstractCategoryItemRenderer,79,10,8,204,163,0.401656315,1.0000000,0
org.jfree.chart.renderer.category.AreaRenderer,22,2,1,67,30,0.29218107,1.0000000,0
org.jfree.chart.renderer.category.BarPainter,n/a,n/a,n/a,2,n/a,#N/A,#N/A,#N/A
org.jfree.chart.renderer.category.BarRenderer,50,7,5,162,134,0.430728242,1.0000000,0
org.jfree.chart.renderer.category.BoxAndWhiskerRenderer,27,3,0,137,101,0.404072883,1.0000000,0
org.jfree.chart.renderer.category.CategoryItemRenderer,n/a,n/a,n/a,135,n/a,#N/A,#N/A,#N/A
org.jfree.chart.renderer.category.CategoryItemRendererState,25,4,1,13,16,0.591836735,1.0000000,0
org.jfree.chart.renderer.category.CategoryStepRenderer,18,3,0,56,28,0.42,1.0000000,0
org.jfree.chart.renderer.category.CategoryStepRenderer.State,3,0,0,3,1,0.65,1.0000000,0
org.jfree.chart.renderer.category.DefaultCategoryItemRenderer,3,0,0,0,0,0.6,1.0000000,0
org.jfree.chart.renderer.category.GanttRenderer,23,2,0,68,55,0.342052314,1.0000000,0
org.jfree.chart.renderer.category.GradientBarPainter,9,1,0,34,31,0.30952381,1.0000000,0
org.jfree.chart.renderer.category.GroupedStackedBarRenderer,23,1,0,56,32,0.283154122,1.0000000,0
org.jfree.chart.renderer.category.IntervalBarRenderer,19,2,1,36,19,0.388235294,1.0000000,0
org.jfree.chart.renderer.category.LayeredBarRenderer,17,2,0,67,55,0.297587131,0.8889000,0
org.jfree.chart.renderer.category.LevelRenderer,18,1,0,69,35,0.422413793,1.0000000,0
org.jfree.chart.renderer.category.LineAndShapeRenderer,27,2,2,100,80,0.5,1.0000000,0
org.jfree.chart.renderer.category.MinMaxCategoryRenderer,16,2,0,54,47,0.441588785,1.0000000,0
org.jfree.chart.renderer.category.ScatterRenderer,17,2,0,84,53,0.485169492,1.0000000,0
org.jfree.chart.renderer.category.StackedAreaRenderer,18,2,0,46,40,0.308900524,1.0000000,0
org.jfree.chart.renderer.category.StackedBarRenderer,25,2,1,57,37,0.322916667,1.0000000,0
org.jfree.chart.renderer.category.StandardBarPainter,8,2,0,25,21,0.391025641,1.0000000,0
org.jfree.chart.renderer.category.StatisticalBarRenderer,22,2,0,56,54,0.328159645,1.0000000,0
org.jfree.chart.renderer.category.StatisticalLineAndShapeRenderer,21,2,0,71,45,0.336088154,1.0000000,0
org.jfree.chart.renderer.category.WaterfallBarRenderer,24,2,0,64,41,0.364130435,1.0000000,0
org.jfree.chart.renderer.xy.AbstractXYItemRenderer,85,11,18,209,169,0.359747546,0.9815000,0
org.jfree.chart.renderer.xy.CandlestickRenderer,25,2,0,84,77,0.469959947,1.0000000,0
org.jfree.chart.renderer.xy.ClusteredXYBarRenderer,21,2,0,53,33,0.345588235,1.0000000,0
org.jfree.chart.renderer.xy.CyclicXYItemRenderer,12,1,0,18,36,0.272340426,1.0000000,0
org.jfree.chart.renderer.xy.CyclicXYItemRenderer.OverwriteDataSet,6,5,0,16,15,0.581699346,1.0000000,0
org.jfree.chart.renderer.xy.DefaultXYItemRenderer,2,0,0,0,0,0.6,1.0000000,0
org.jfree.chart.renderer.xy.DeviationRenderer,20,4,1,51,28,0.465909091,1.0000000,0
org.jfree.chart.renderer.xy.DeviationRenderer.State,4,0,0,3,1,0.64,1.0000000,0
org.jfree.chart.renderer.xy.DeviationStepRenderer,17,1,0,48,31,0.316239316,1.0000000,0
org.jfree.chart.renderer.xy.GradientXYBarPainter,9,1,0,33,31,0.307167235,1.0000000,0
org.jfree.chart.renderer.xy.HighLowRenderer,21,2,0,53,48,0.440414508,1.0000000,0
org.jfree.chart.renderer.xy.SamplingXYLineRenderer,16,2,0,43,20,0.41588785,1.0000000,0
org.jfree.chart.renderer.xy.SamplingXYLineRenderer.State,4,1,0,5,2,0.629032258,1.0000000,0
org.jfree.chart.renderer.xy.StackedXYAreaRenderer,24,4,0,86,55,0.415754923,1.0000000,0
org.jfree.chart.renderer.xy.StackedXYAreaRenderer.StackedXYAreaRendererState,3,4,0,11,8,0.580246914,1.0000000,0
org.jfree.chart.renderer.xy.StackedXYAreaRenderer2,21,2,0,47,44,0.30733945,1.0000000,0
org.jfree.chart.renderer.xy.StackedXYBarRenderer,24,3,0,56,43,0.3625,1.0000000,0
org.jfree.chart.renderer.xy.StandardXYBarPainter,8,2,0,24,21,0.391025641,1.0000000,0
org.jfree.chart.renderer.xy.StandardXYItemRenderer,33,1,1,117,91,0.464146023,1.0000000,0
org.jfree.chart.renderer.xy.StandardXYItemRenderer.State,3,2,0,6,5,0.655172414,1.0000000,0
org.jfree.chart.renderer.xy.VectorRenderer,18,2,0,40,30,0.278625954,1.0000000,0
org.jfree.chart.renderer.xy.WindItemRenderer,14,1,0,25,3,0.361904762,1.0000000,0
org.jfree.chart.renderer.xy.XYAreaRenderer,30,3,1,102,68,0.388888889,1.0000000,0
org.jfree.chart.renderer.xy.XYAreaRenderer.XYAreaRendererState,3,0,0,4,1,0.526315789,1.0000000,0
org.jfree.chart.renderer.xy.XYAreaRenderer2,26,2,1,80,32,0.372307692,1.0000000,0
org.jfree.chart.renderer.xy.XYBarPainter,n/a,n/a,n/a,2,n/a,#N/A,#N/A,#N/A
org.jfree.chart.renderer.xy.XYBarRenderer,40,7,2,143,125,0.414534289,1.0000000,0
org.jfree.chart.renderer.xy.XYBarRenderer.XYBarRendererState,4,1,0,4,3,0.612903226,1.0000000,0
org.jfree.chart.renderer.xy.XYBlockRenderer,21,1,0,58,50,0.450934579,1.0000000,0
org.jfree.chart.renderer.xy.XYBoxAndWhiskerRenderer,25,2,0,95,65,0.401515152,1.0000000,0
org.jfree.chart.renderer.xy.XYBubbleRenderer,20,2,0,61,30,0.325581395,1.0000000,0
org.jfree.chart.renderer.xy.XYDifferenceRenderer,28,4,0,107,92,0.319796954,1.0000000,0
org.jfree.chart.renderer.xy.XYDotRenderer,19,2,0,55,30,0.471428571,1.0000000,0
org.jfree.chart.renderer.xy.XYErrorRenderer,16,3,0,48,35,0.472067039,1.0000000,0
org.jfree.chart.renderer.xy.XYItemRenderer,n/a,n/a,n/a,132,n/a,#N/A,#N/A,#N/A
org.jfree.chart.renderer.xy.XYItemRendererState,40,3,6,9,7,0.759689922,1.0000000,0
org.jfree.chart.renderer.xy.XYLineAndShapeRenderer,39,3,6,122,107,0.510504202,0.9778000,0
org.jfree.chart.renderer.xy.XYLineAndShapeRenderer.State,9,1,2,8,4,0.633333333,1.0000000,0
org.jfree.chart.renderer.xy.XYShapeRenderer,24,5,0,80,52,0.518218623,1.0000000,0
org.jfree.chart.renderer.xy.XYSplineRenderer,16,2,0,51,46,0.415549598,0.9231000,0
org.jfree.chart.renderer.xy.XYSplineRenderer.FillType,2,2,n/a,2,0,0.538461538,0.0000000,0
org.jfree.chart.renderer.xy.XYSplineRenderer.XYSplineState,3,0,0,4,1,0.55,1.0000000,0
org.jfree.chart.renderer.xy.XYStepAreaRenderer,19,2,0,58,62,0.463654224,1.0000000,0
org.jfree.chart.renderer.xy.XYStepRenderer,21,1,0,40,28,0.439215686,1.0000000,0
org.jfree.chart.renderer.xy.YIntervalRenderer,21,2,0,52,18,0.465116279,1.0000000,0
org.jfree.chart.swing.AbstractOverlay,5,1,1,12,7,0.557377049,1.0000000,0
org.jfree.chart.swing.ApplicationFrame,0,7,0,13,9,0.626506024,1.0000000,0
org.jfree.chart.swing.ChartFrame,2,1,0,8,4,0.534883721,1.0000000,0
org.jfree.chart.swing.ChartMouseEvent,5,3,0,5,4,0.6,1.0000000,0
org.jfree.chart.swing.ChartMouseListener,n/a,n/a,n/a,2,n/a,#N/A,#N/A,#N/A
org.jfree.chart.swing.ChartPanel,31,7,1,336,272,0.434170472,1.0000000,0
org.jfree.chart.swing.CrosshairOverlay,17,2,0,90,83,0.273267327,0.9000000,0
org.jfree.chart.swing.DefaultSelectionZoomStrategy,3,2,0,40,27,0.244791667,0.1111000,0
org.jfree.chart.swing.MouseWheelHandler,7,1,0,22,12,0.423913043,1.0000000,0
org.jfree.chart.swing.NumberCellRenderer,1,1,0,10,4,0.466666667,1.0000000,0
org.jfree.chart.swing.Overlay,n/a,n/a,n/a,3,n/a,#N/A,#N/A,#N/A
org.jfree.chart.swing.OverlayChangeEvent,3,0,0,2,1,0.692307692,1.0000000,0
org.jfree.chart.swing.OverlayChangeListener,n/a,n/a,n/a,1,n/a,#N/A,#N/A,#N/A
org.jfree.chart.swing.PolarChartPanel,5,2,0,32,18,0.368421053,1.0000000,0
org.jfree.chart.swing.SelectionZoomStrategy,n/a,n/a,n/a,15,n/a,#N/A,#N/A,#N/A
org.jfree.chart.swing.UIUtils,1,5,0,38,13,0.5,0.9000000,0
org.jfree.chart.swing.editor.ChartEditor,n/a,n/a,n/a,1,n/a,#N/A,#N/A,#N/A
org.jfree.chart.swing.editor.ChartEditorFactory,n/a,n/a,n/a,1,n/a,#N/A,#N/A,#N/A
org.jfree.chart.swing.editor.ChartEditorManager,6,1,0,7,4,0.651162791,1.0000000,0
org.jfree.chart.swing.editor.DefaultAxisEditor,12,3,1,74,28,0.481865285,1.0000000,0
org.jfree.chart.swing.editor.DefaultChartEditor,11,1,0,50,11,0.303370787,1.0000000,0
org.jfree.chart.swing.editor.DefaultChartEditorFactory,5,1,0,3,2,0.619047619,1.0000000,0
org.jfree.chart.swing.editor.DefaultLogAxisEditor,6,1,0,34,12,0.298076923,0.8571000,0
org.jfree.chart.swing.editor.DefaultNumberAxisEditor,7,1,0,42,12,0.182692308,0.4286000,0
org.jfree.chart.swing.editor.DefaultPlotEditor,18,1,1,90,67,0.321212121,1.0000000,0
org.jfree.chart.swing.editor.DefaultPolarPlotEditor,7,2,0,39,14,0.3,0.7778000,0
org.jfree.chart.swing.editor.DefaultTitleEditor,8,1,0,57,19,0.313131313,1.0000000,0
org.jfree.chart.swing.editor.DefaultValueAxisEditor,9,2,2,65,33,0.334394904,1.0000000,0
org.jfree.chart.swing.editor.FontChooserPanel,2,1,0,39,15,0.293706294,1.0000000,0
org.jfree.chart.swing.editor.FontDisplayField,2,1,0,11,5,0.545454545,1.0000000,0
org.jfree.chart.swing.editor.LCBLayout,7,5,0,17,28,0.306930693,1.0000000,0
org.jfree.chart.swing.editor.PaintSample,5,2,0,15,5,0.46875,1.0000000,0
org.jfree.chart.swing.editor.StrokeChooserPanel,4,1,0,16,4,0.530612245,1.0000000,0
org.jfree.chart.swing.editor.StrokeSample,3,2,0,22,8,0.447619048,1.0000000,0
org.jfree.chart.text.AttributedStringUtils,2,1,0,8,9,0.321428571,1.0000000,0
org.jfree.chart.text.G2TextMeasurer,6,1,0,6,2,0.5625,1.0000000,0
org.jfree.chart.text.TextAnchor,51,3,n/a,10,8,0.572649573,0.8000000,0
org.jfree.chart.text.TextBlock,17,1,0,31,27,0.467532468,1.0000000,0
org.jfree.chart.text.TextBlockAnchor,12,2,n/a,2,0,0.52173913,0.0000000,0
org.jfree.chart.text.TextBox,9,1,0,61,47,0.44011976,1.0000000,0
org.jfree.chart.text.TextFragment,7,1,0,43,28,0.508849558,1.0000000,0
org.jfree.chart.text.TextLine,8,1,0,33,24,0.467741935,1.0000000,0
org.jfree.chart.text.TextMeasurer,n/a,n/a,n/a,1,n/a,#N/A,#N/A,#N/A
org.jfree.chart.text.TextUtils,38,3,0,89,76,0.425531915,1.0000000,0
org.jfree.chart.text.format.HMSNumberFormat,1,2,0,8,4,0.6,1.0000000,0
org.jfree.chart.text.format.HexNumberFormat,0,2,0,14,9,0.577319588,1.0000000,0
org.jfree.chart.text.format.LogFormat,2,2,0,20,20,0.497237569,1.0000000,0
org.jfree.chart.text.format.RelativeDateFormat,2,2,0,46,46,0.518599562,1.0000000,0
org.jfree.chart.title.CompositeTitle,13,2,0,40,18,0.532163743,1.0000000,0
org.jfree.chart.title.DateTitle,7,1,0,12,5,0.76635514,1.0000000,0
org.jfree.chart.title.ImageTitle,9,1,0,49,30,0.4204947,1.0000000,0
org.jfree.chart.title.ShortTextTitle,9,2,0,41,24,0.387640449,1.0000000,0
org.jfree.chart.title.TextTitle,38,1,2,101,99,0.405479452,1.0000000,0
org.jfree.chart.title.Title,30,3,5,38,36,0.529411765,1.0000000,0
org.jfree.chart.urls.CategoryURLGenerator,n/a,n/a,n/a,1,n/a,#N/A,#N/A,#N/A
org.jfree.chart.urls.CustomCategoryURLGenerator,4,1,0,16,22,0.405797101,1.0000000,0
org.jfree.chart.urls.CustomPieURLGenerator,5,1,0,22,20,0.47133758,1.0000000,0
org.jfree.chart.urls.CustomXYURLGenerator,4,1,0,18,22,0.411347518,1.0000000,0
org.jfree.chart.urls.PieURLGenerator,n/a,n/a,n/a,1,n/a,#N/A,#N/A,#N/A
org.jfree.chart.urls.StandardCategoryURLGenerator,15,1,0,18,16,0.426470588,1.0000000,0
org.jfree.chart.urls.StandardPieURLGenerator,6,1,0,13,13,0.431192661,1.0000000,0
org.jfree.chart.urls.StandardXYURLGenerator,7,1,1,8,11,0.47,1.0000000,0
org.jfree.chart.urls.StandardXYZURLGenerator,4,1,0,2,1,0.631578947,1.0000000,0
org.jfree.chart.urls.TimeSeriesURLGenerator,6,1,0,22,17,0.414285714,1.0000000,0
org.jfree.chart.urls.XYURLGenerator,n/a,n/a,n/a,1,n/a,#N/A,#N/A,#N/A
org.jfree.chart.urls.XYZURLGenerator,n/a,n/a,n/a,1,n/a,#N/A,#N/A,#N/A
org.jfree.chart.util.AttrStringUtils,5,2,0,33,32,0.3203125,0.3750000,0
org.jfree.chart.util.DefaultShadowGenerator,7,1,0,30,28,0.377593361,1.0000000,0
org.jfree.chart.util.DirectionalGradientPaintTransformer,1,1,0,16,10,0.488372093,1.0000000,0
org.jfree.chart.util.ExportUtils,2,4,0,24,8,0.402515723,1.0000000,0
org.jfree.chart.util.GradientPaintTransformType,10,2,n/a,2,0,0.538461538,0.0000000,0
org.jfree.chart.util.GradientPaintTransformer,n/a,n/a,n/a,1,n/a,#N/A,#N/A,#N/A
org.jfree.chart.util.PaintAlpha,1,1,0,57,27,0.618122977,1.0000000,0
org.jfree.chart.util.ShadowGenerator,n/a,n/a,n/a,3,n/a,#N/A,#N/A,#N/A
org.jfree.chart.util.StandardGradientPaintTransformer,19,1,0,22,16,0.406504065,1.0000000,0
org.jfree.chart.util.StringUtils,2,3,0,7,6,0.538461538,1.0000000,0
org.jfree.data.ComparableObjectItem,16,2,5,14,13,0.543859649,1.0000000,0
org.jfree.data.ComparableObjectSeries,22,1,6,45,50,0.478947368,1.0000000,0
org.jfree.data.DataUtils,13,6,0,21,32,0.418269231,1.0000000,0
org.jfree.data.DefaultKeyedValue,6,2,0,14,13,0.532110092,1.0000000,0
org.jfree.data.DefaultKeyedValues,16,1,0,52,43,0.478142077,1.0000000,0
org.jfree.data.DefaultKeyedValues2D,13,1,0,55,56,0.467672414,1.0000000,0
org.jfree.data.DomainInfo,n/a,n/a,n/a,3,n/a,#N/A,#N/A,#N/A
org.jfree.data.DomainOrder,13,2,n/a,2,0,0.545454545,0.0000000,0
org.jfree.data.ItemKey,n/a,n/a,n/a,1,n/a,#N/A,#N/A,#N/A
org.jfree.data.KeyToGroupMap,7,1,0,40,34,0.371428571,0.9231000,0
org.jfree.data.KeyedObject,3,2,0,11,12,0.458333333,0.8571000,0
org.jfree.data.KeyedObjects,6,1,0,35,37,0.47810219,1.0000000,0
org.jfree.data.KeyedObjects2D,8,1,0,47,56,0.434679335,1.0000000,0
org.jfree.data.KeyedValue,n/a,n/a,n/a,1,n/a,#N/A,#N/A,#N/A
org.jfree.data.KeyedValueComparator,6,1,0,11,18,0.288288288,1.0000000,0
org.jfree.data.KeyedValueComparatorType,2,2,n/a,2,0,0.6,0.0000000,0
org.jfree.data.KeyedValues,n/a,n/a,n/a,4,n/a,#N/A,#N/A,#N/A
org.jfree.data.KeyedValues2D,n/a,n/a,n/a,7,n/a,#N/A,#N/A,#N/A
org.jfree.data.KeyedValues2DItemKey,4,1,0,16,13,0.333333333,0.5000000,0
org.jfree.data.KeyedValuesItemKey,2,1,0,13,9,0.338235294,0.5000000,0
org.jfree.data.Range,139,1,1,29,50,0.498694517,0.9565000,0
org.jfree.data.RangeInfo,n/a,n/a,n/a,3,n/a,#N/A,#N/A,#N/A
org.jfree.data.RangeType,3,2,n/a,2,0,0.583333333,0.0000000,0
org.jfree.data.UnknownKeyException,20,0,0,2,1,0.615384615,1.0000000,0
org.jfree.data.Value,n/a,n/a,n/a,1,n/a,#N/A,#N/A,#N/A
org.jfree.data.Values,n/a,n/a,n/a,2,n/a,#N/A,#N/A,#N/A
org.jfree.data.Values2D,n/a,n/a,n/a,3,n/a,#N/A,#N/A,#N/A
org.jfree.data.category.CategoryDataset,n/a,n/a,n/a,0,n/a,#N/A,#N/A,#N/A
org.jfree.data.category.CategoryRangeInfo,n/a,n/a,n/a,1,n/a,#N/A,#N/A,#N/A
org.jfree.data.category.CategoryToPieDataset,14,2,0,29,39,0.434108527,1.0000000,0
org.jfree.data.category.DefaultCategoryDataset,41,1,1,55,35,0.613445378,1.0000000,0
org.jfree.data.category.DefaultIntervalCategoryDataset,10,2,0,49,83,0.469153515,0.9697000,0
org.jfree.data.category.IntervalCategoryDataset,n/a,n/a,n/a,4,n/a,#N/A,#N/A,#N/A
org.jfree.data.category.SlidingCategoryDataset,7,1,0,40,34,0.52173913,0.9500000,0
org.jfree.data.flow.DefaultFlowDataset,8,3,0,50,42,0.445182724,0.9412000,0
org.jfree.data.flow.FlowDataset,n/a,n/a,n/a,8,n/a,#N/A,#N/A,#N/A
org.jfree.data.flow.FlowDatasetUtils,5,4,0,19,26,0.448717949,0.8571000,0
org.jfree.data.flow.FlowKey,11,3,0,13,14,0.474137931,0.8750000,0
org.jfree.data.flow.NodeKey,9,2,0,12,12,0.49,0.8571000,0
org.jfree.data.function.Function2D,n/a,n/a,n/a,1,n/a,#N/A,#N/A,#N/A
org.jfree.data.function.LineFunction2D,4,1,0,7,9,0.530120482,1.0000000,0
org.jfree.data.function.NormalDistributionFunction2D,3,2,0,10,10,0.483516484,1.0000000,0
org.jfree.data.function.PolynomialFunction2D,5,1,0,11,8,0.571428571,1.0000000,0
org.jfree.data.function.PowerFunction2D,3,1,0,8,9,0.530120482,1.0000000,0
org.jfree.data.gantt.GanttCategoryDataset,n/a,n/a,n/a,10,n/a,#N/A,#N/A,#N/A
org.jfree.data.gantt.SlidingGanttCategoryDataset,8,1,0,59,61,0.518388792,1.0000000,0
org.jfree.data.gantt.Task,13,4,0,27,22,0.518918919,0.9375000,0
org.jfree.data.gantt.TaskSeries,11,1,0,28,17,0.496453901,0.9091000,0
org.jfree.data.gantt.TaskSeriesCollection,16,1,0,70,64,0.483816014,0.9737000,0
org.jfree.data.gantt.XYTaskDataset,11,2,0,49,44,0.518796992,0.7742000,0
org.jfree.data.general.AbstractDataset,55,1,15,24,16,0.648044693,1.0000000,0
org.jfree.data.general.AbstractSeriesDataset,11,2,3,8,5,0.587301587,1.0000000,0
org.jfree.data.general.Dataset,n/a,n/a,n/a,2,n/a,#N/A,#N/A,#N/A
org.jfree.data.general.DatasetChangeEvent,34,1,0,3,2,0.696969697,1.0000000,0
org.jfree.data.general.DatasetChangeListener,n/a,n/a,n/a,1,n/a,#N/A,#N/A,#N/A
org.jfree.data.general.DatasetUtils,63,17,0,135,319,0.368397692,1.0000000,0
org.jfree.data.general.DefaultHeatMapDataset,5,3,0,22,32,0.5,1.0000000,0
org.jfree.data.general.DefaultKeyedValueDataset,7,1,0,19,20,0.463235294,1.0000000,0
org.jfree.data.general.DefaultKeyedValues2DDataset,3,0,0,0,0,0.615384615,1.0000000,0
org.jfree.data.general.DefaultKeyedValuesDataset,3,0,0,0,0,0.6,1.0000000,0
org.jfree.data.general.DefaultPieDataset,25,1,1,44,29,0.581227437,1.0000000,0
org.jfree.data.general.DefaultValueDataset,10,1,0,14,10,0.530864198,1.0000000,0
org.jfree.data.general.HeatMapDataset,n/a,n/a,n/a,10,n/a,#N/A,#N/A,#N/A
org.jfree.data.general.HeatMapUtils,6,3,0,17,7,0.453333333,1.0000000,0
org.jfree.data.general.KeyedValueDataset,n/a,n/a,n/a,0,n/a,#N/A,#N/A,#N/A
org.jfree.data.general.KeyedValues2DDataset,n/a,n/a,n/a,0,n/a,#N/A,#N/A,#N/A
org.jfree.data.general.KeyedValuesDataset,n/a,n/a,n/a,0,n/a,#N/A,#N/A,#N/A
org.jfree.data.general.PieDataset,n/a,n/a,n/a,0,n/a,#N/A,#N/A,#N/A
org.jfree.data.general.Series,36,3,6,23,19,0.587912088,1.0000000,0
org.jfree.data.general.SeriesChangeEvent,14,0,0,2,1,0.6,1.0000000,0
org.jfree.data.general.SeriesChangeListener,n/a,n/a,n/a,1,n/a,#N/A,#N/A,#N/A
org.jfree.data.general.SeriesDataset,n/a,n/a,n/a,3,n/a,#N/A,#N/A,#N/A
org.jfree.data.general.SeriesException,7,0,0,2,1,0.6,1.0000000,0
org.jfree.data.general.ValueDataset,n/a,n/a,n/a,0,n/a,#N/A,#N/A,#N/A
org.jfree.data.general.WaferMapDataset,5,4,0,31,29,0.551282051,1.0000000,0
org.jfree.data.io.CSV,2,1,0,19,16,0.4,1.0000000,0
org.jfree.data.json.JSONUtils,4,2,0,17,14,0.354609929,1.0000000,0
org.jfree.data.json.impl.JSONArray,3,2,0,16,13,0.431034483,1.0000000,0
org.jfree.data.json.impl.JSONAware,n/a,n/a,n/a,1,n/a,#N/A,#N/A,#N/A
org.jfree.data.json.impl.JSONObject,3,2,0,24,14,0.462585034,1.0000000,0
org.jfree.data.json.impl.JSONStreamAware,n/a,n/a,n/a,1,n/a,#N/A,#N/A,#N/A
org.jfree.data.json.impl.JSONValue,5,1,0,25,40,0.477351916,1.0000000,0
org.jfree.data.resources.DataPackageResources,0,1,0,1,1,0.5,1.0000000,0
org.jfree.data.resources.DataPackageResources_de,0,1,0,1,1,0.473684211,1.0000000,0
org.jfree.data.resources.DataPackageResources_es,0,1,0,1,1,0.473684211,1.0000000,0
org.jfree.data.resources.DataPackageResources_fr,0,1,0,1,1,0.473684211,1.0000000,0
org.jfree.data.resources.DataPackageResources_pl,0,1,0,1,1,0.473684211,1.0000000,0
org.jfree.data.resources.DataPackageResources_ru,0,1,0,1,1,0.473684211,1.0000000,0
org.jfree.data.statistics.BoxAndWhiskerCalculator,5,1,0,18,19,0.339622642,1.0000000,0
org.jfree.data.statistics.BoxAndWhiskerCategoryDataset,n/a,n/a,n/a,18,n/a,#N/A,#N/A,#N/A
org.jfree.data.statistics.BoxAndWhiskerItem,10,9,0,19,26,0.461883408,0.9286000,0
org.jfree.data.statistics.BoxAndWhiskerXYDataset,n/a,n/a,n/a,11,n/a,#N/A,#N/A,#N/A
org.jfree.data.statistics.DefaultBoxAndWhiskerCategoryDataset,10,1,2,81,82,0.51092233,0.9778000,0
org.jfree.data.statistics.DefaultBoxAndWhiskerXYDataset,9,4,0,51,49,0.518828452,0.9643000,0
org.jfree.data.statistics.DefaultMultiValueCategoryDataset,10,1,0,49,41,0.447447447,0.9500000,0
org.jfree.data.statistics.DefaultStatisticalCategoryDataset,12,1,0,62,65,0.427876823,0.9667000,0
org.jfree.data.statistics.HistogramBin,2,2,0,12,13,0.454545455,0.8889000,0
org.jfree.data.statistics.HistogramDataset,9,1,0,43,43,0.518072289,0.9545000,0
org.jfree.data.statistics.HistogramType,1,2,n/a,2,0,0.545454545,0.0000000,0
org.jfree.data.statistics.MeanAndStandardDeviation,2,1,0,13,15,0.507936508,0.8889000,0
org.jfree.data.statistics.MultiValueCategoryDataset,n/a,n/a,n/a,2,n/a,#N/A,#N/A,#N/A
org.jfree.data.statistics.Regression,4,3,0,16,36,0.246575342,1.0000000,0
org.jfree.data.statistics.SimpleHistogramBin,4,2,0,16,35,0.412037037,0.9167000,0
org.jfree.data.statistics.SimpleHistogramDataset,11,4,0,51,43,0.568238213,0.9643000,0
org.jfree.data.statistics.StatisticalCategoryDataset,n/a,n/a,n/a,4,n/a,#N/A,#N/A,#N/A
org.jfree.data.statistics.Statistics,4,1,0,25,46,0.398416887,1.0000000,0
org.jfree.data.time.DateRange,5,2,0,16,9,0.635514019,1.0000000,0
org.jfree.data.time.Day,26,2,0,47,31,0.547557841,0.9583000,0
org.jfree.data.time.DynamicTimeSeriesCollection,14,1,0,59,90,0.528497409,1.0000000,0
org.jfree.data.time.DynamicTimeSeriesCollection.ValueSequence,1,1,0,4,5,0.581395349,1.0000000,0
org.jfree.data.time.FixedMillisecond,3,2,0,20,24,0.515837104,1.0000000,0
org.jfree.data.time.Hour,11,1,0,51,37,0.53117207,1.0000000,0
org.jfree.data.time.Millisecond,8,1,0,46,36,0.494594595,1.0000000,0
org.jfree.data.time.Minute,12,2,0,52,36,0.509852217,1.0000000,0
org.jfree.data.time.Month,12,2,0,45,47,0.488938053,1.0000000,0
org.jfree.data.time.MovingAverage,11,3,0,33,32,0.375,1.0000000,0
org.jfree.data.time.Quarter,7,2,0,43,35,0.521410579,1.0000000,0
org.jfree.data.time.RegularTimePeriod,42,9,10,34,24,0.679245283,1.0000000,0
org.jfree.data.time.Second,11,2,0,52,38,0.5,1.0000000,0
org.jfree.data.time.SimpleTimePeriod,8,1,0,15,20,0.460122699,1.0000000,0
org.jfree.data.time.TimePeriod,n/a,n/a,n/a,2,n/a,#N/A,#N/A,#N/A
org.jfree.data.time.TimePeriodAnchor,11,2,n/a,2,0,0.583333333,0.0000000,0
org.jfree.data.time.TimePeriodFormatException,7,0,0,2,1,0.642857143,1.0000000,0
org.jfree.data.time.TimePeriodValue,6,2,0,15,17,0.523076923,1.0000000,0
org.jfree.data.time.TimePeriodValues,8,1,0,44,44,0.442408377,1.0000000,0
org.jfree.data.time.TimePeriodValuesCollection,12,1,0,56,41,0.461748634,0.9565000,0
org.jfree.data.time.TimeSeries,17,1,0,109,138,0.481647269,1.0000000,0
org.jfree.data.time.TimeSeriesCollection,22,2,0,85,71,0.496742671,1.0000000,0
org.jfree.data.time.TimeSeriesDataItem,6,2,0,16,15,0.59602649,1.0000000,0
org.jfree.data.time.TimeSeriesTableModel,5,6,0,21,26,0.388059701,1.0000000,0
org.jfree.data.time.TimeTableXYDataset,14,1,0,67,51,0.578431373,0.9697000,0
org.jfree.data.time.Week,5,2,0,50,53,0.466546112,1.0000000,0
org.jfree.data.time.Year,22,2,0,32,26,0.587155963,1.0000000,0
org.jfree.data.time.ohlc.OHLC,3,4,0,8,13,0.471698113,1.0000000,0
org.jfree.data.time.ohlc.OHLCItem,6,2,0,15,11,0.472527473,1.0000000,0
org.jfree.data.time.ohlc.OHLCSeries,8,2,0,21,8,0.620689655,1.0000000,0
org.jfree.data.time.ohlc.OHLCSeriesCollection,14,3,0,60,40,0.573891626,1.0000000,0
org.jfree.data.xml.CategoryDatasetHandler,6,2,0,16,9,0.475,1.0000000,0
org.jfree.data.xml.CategorySeriesHandler,5,1,0,17,9,0.433333333,1.0000000,0
org.jfree.data.xml.DatasetReader,5,1,0,17,7,0.468468468,1.0000000,0
org.jfree.data.xml.DatasetTags,n/a,n/a,n/a,0,n/a,#N/A,#N/A,#N/A
org.jfree.data.xml.ItemHandler,6,1,0,15,11,0.462962963,1.0000000,0
org.jfree.data.xml.KeyHandler,4,1,0,18,9,0.5,1.0000000,0
org.jfree.data.xml.PieDatasetHandler,6,2,0,15,9,0.486842105,1.0000000,0
org.jfree.data.xml.RootHandler,7,1,2,12,10,0.507042254,1.0000000,0
org.jfree.data.xml.ValueHandler,4,1,0,18,10,0.45631068,1.0000000,0
org.jfree.data.xy.AbstractIntervalXYDataset,19,1,14,9,8,0.5,1.0000000,0
org.jfree.data.xy.AbstractXYDataset,17,2,10,6,5,0.519230769,1.0000000,0
org.jfree.data.xy.AbstractXYZDataset,4,1,2,3,2,0.5,1.0000000,0
org.jfree.data.xy.CategoryTableXYDataset,11,2,0,55,33,0.604105572,1.0000000,0
org.jfree.data.xy.DefaultHighLowDataset,6,4,0,24,34,0.581005587,1.0000000,0
org.jfree.data.xy.DefaultIntervalXYDataset,11,1,0,39,34,0.610766046,1.0000000,0
org.jfree.data.xy.DefaultOHLCDataset,9,3,0,33,29,0.558718861,1.0000000,0
org.jfree.data.xy.DefaultTableXYDataset,26,2,0,89,69,0.473684211,1.0000000,0
org.jfree.data.xy.DefaultWindDataset,7,2,0,29,26,0.517928287,1.0000000,0
org.jfree.data.xy.DefaultXYDataset,17,2,4,33,29,0.563291139,1.0000000,0
org.jfree.data.xy.DefaultXYZDataset,12,2,0,36,29,0.587743733,1.0000000,0
org.jfree.data.xy.IntervalXYDataset,n/a,n/a,n/a,8,n/a,#N/A,#N/A,#N/A
org.jfree.data.xy.IntervalXYDelegate,14,1,0,38,40,0.566666667,1.0000000,0
org.jfree.data.xy.IntervalXYZDataset,n/a,n/a,n/a,6,n/a,#N/A,#N/A,#N/A
org.jfree.data.xy.MatrixSeries,6,1,1,14,20,0.552795031,1.0000000,0
org.jfree.data.xy.MatrixSeriesCollection,9,1,0,38,23,0.563318777,1.0000000,0
org.jfree.data.xy.NormalizedMatrixSeries,1,1,0,12,6,0.642105263,1.0000000,0
org.jfree.data.xy.OHLCDataItem,6,6,0,14,17,0.48951049,1.0000000,0
org.jfree.data.xy.OHLCDataset,n/a,n/a,n/a,10,n/a,#N/A,#N/A,#N/A
org.jfree.data.xy.TableXYDataset,n/a,n/a,n/a,1,n/a,#N/A,#N/A,#N/A
org.jfree.data.xy.Vector,4,1,0,10,11,0.494505495,1.0000000,0
org.jfree.data.xy.VectorDataItem,6,4,0,15,8,0.534246575,1.0000000,0
org.jfree.data.xy.VectorSeries,7,3,0,20,10,0.674796748,1.0000000,0
org.jfree.data.xy.VectorSeriesCollection,12,1,0,41,22,0.590733591,1.0000000,0
org.jfree.data.xy.VectorXYDataset,n/a,n/a,n/a,3,n/a,#N/A,#N/A,#N/A
org.jfree.data.xy.WindDataItem,1,3,0,9,14,0.43,1.0000000,0
org.jfree.data.xy.WindDataset,n/a,n/a,n/a,2,n/a,#N/A,#N/A,#N/A
org.jfree.data.xy.XIntervalDataItem,5,2,0,12,8,0.492063492,1.0000000,0
org.jfree.data.xy.XIntervalSeries,6,2,0,17,9,0.692307692,1.0000000,0
org.jfree.data.xy.XIntervalSeriesCollection,11,1,0,50,27,0.591054313,1.0000000,0
org.jfree.data.xy.XYBarDataset,12,2,0,36,29,0.617088608,1.0000000,0
org.jfree.data.xy.XYCoordinate,3,1,0,10,17,0.415254237,1.0000000,0
org.jfree.data.xy.XYDataItem,4,2,0,21,21,0.519125683,1.0000000,0
org.jfree.data.xy.XYDataset,n/a,n/a,n/a,6,n/a,#N/A,#N/A,#N/A
org.jfree.data.xy.XYDatasetTableModel,6,3,0,20,17,0.647668394,1.0000000,0
org.jfree.data.xy.XYDomainInfo,n/a,n/a,n/a,1,n/a,#N/A,#N/A,#N/A
org.jfree.data.xy.XYInterval,2,5,0,7,14,0.471698113,1.0000000,0
org.jfree.data.xy.XYIntervalDataItem,4,2,0,16,12,0.443298969,1.0000000,0
org.jfree.data.xy.XYIntervalSeries,8,2,0,21,11,0.7,1.0000000,0
org.jfree.data.xy.XYIntervalSeriesCollection,12,1,0,47,27,0.607028754,1.0000000,0
org.jfree.data.xy.XYItemKey,3,1,0,17,13,0.336734694,0.5000000,0
org.jfree.data.xy.XYRangeInfo,n/a,n/a,n/a,1,n/a,#N/A,#N/A,#N/A
org.jfree.data.xy.XYSeries,50,1,0,82,100,0.508313539,1.0000000,0
org.jfree.data.xy.XYSeriesCollection,50,1,0,97,81,0.466153846,1.0000000,0
org.jfree.data.xy.XYZDataset,n/a,n/a,n/a,2,n/a,#N/A,#N/A,#N/A
org.jfree.data.xy.XisSymbolic,n/a,n/a,n/a,3,n/a,#N/A,#N/A,#N/A
org.jfree.data.xy.YInterval,2,3,0,5,10,0.48,1.0000000,0
org.jfree.data.xy.YIntervalDataItem,4,2,0,12,8,0.46969697,1.0000000,0
org.jfree.data.xy.YIntervalSeries,8,2,0,17,9,0.703389831,1.0000000,0
org.jfree.data.xy.YIntervalSeriesCollection,12,1,0,42,24,0.592057762,1.0000000,0
org.jfree.data.xy.YWithXInterval,2,3,0,5,10,0.506329114,1.0000000,0
org.jfree.data.xy.YisSymbolic,n/a,n/a,n/a,3,n/a,#N/A,#N/A,#N/A